-- MySQL dump 10.13  Distrib 8.0.32, for Linux (x86_64)
--
-- Host: localhost    Database: monkey_quiz
-- ------------------------------------------------------
-- Server version	8.0.32-0ubuntu0.22.04.2

/*!40101 SET @OLD_CHARACTER_SET_CLIENT=@@CHARACTER_SET_CLIENT */;
/*!40101 SET @OLD_CHARACTER_SET_RESULTS=@@CHARACTER_SET_RESULTS */;
/*!40101 SET @OLD_COLLATION_CONNECTION=@@COLLATION_CONNECTION */;
/*!50503 SET NAMES utf8mb4 */;
/*!40103 SET @OLD_TIME_ZONE=@@TIME_ZONE */;
/*!40103 SET TIME_ZONE='+00:00' */;
/*!40014 SET @OLD_UNIQUE_CHECKS=@@UNIQUE_CHECKS, UNIQUE_CHECKS=0 */;
/*!40014 SET @OLD_FOREIGN_KEY_CHECKS=@@FOREIGN_KEY_CHECKS, FOREIGN_KEY_CHECKS=0 */;
/*!40101 SET @OLD_SQL_MODE=@@SQL_MODE, SQL_MODE='NO_AUTO_VALUE_ON_ZERO' */;
/*!40111 SET @OLD_SQL_NOTES=@@SQL_NOTES, SQL_NOTES=0 */;

--
-- Table structure for table `answer`
--

DROP TABLE IF EXISTS `answer`;
/*!40101 SET @saved_cs_client     = @@character_set_client */;
/*!50503 SET character_set_client = utf8mb4 */;
CREATE TABLE `answer` (
  `id` int NOT NULL AUTO_INCREMENT,
  `text` varchar(255) NOT NULL,
  `image_url` varchar(255) DEFAULT NULL,
  `is_correct` tinyint NOT NULL,
  `question_id` int NOT NULL,
  PRIMARY KEY (`id`),
  KEY `FK_c3d19a89541e4f0813f2fe09194` (`question_id`),
  CONSTRAINT `FK_c3d19a89541e4f0813f2fe09194` FOREIGN KEY (`question_id`) REFERENCES `question` (`id`) ON DELETE CASCADE ON UPDATE CASCADE
) ENGINE=InnoDB AUTO_INCREMENT=1045 DEFAULT CHARSET=utf8mb4 COLLATE=utf8mb4_0900_ai_ci;
/*!40101 SET character_set_client = @saved_cs_client */;

--
-- Dumping data for table `answer`
--

LOCK TABLES `answer` WRITE;
/*!40000 ALTER TABLE `answer` DISABLE KEYS */;
INSERT INTO `answer` VALUES (1,'מדהים פלסטי כפפות','https://loremflickr.com/640/480?lock=57391',0,1),(2,'מלוטש גרניט אוטו','https://loremflickr.com/640/480?lock=28184',0,1),(3,'מלוטש קפוא שולחן','https://loremflickr.com/640/480?lock=32220',0,1),(4,'מדהים צַח פיצה','https://loremflickr.com/640/480?lock=23458',0,1),(5,'מדהים פלסטי מחשב','https://loremflickr.com/640/480?lock=65882',0,2),(6,'מדהים רך טונה','https://loremflickr.com/640/480?lock=77961',0,2),(7,'אינטליגנטי פלסטי כובע','https://loremflickr.com/640/480?lock=2448',1,2),(8,'מלוטש קפוא כפפות','https://loremflickr.com/640/480?lock=2597',0,3),(9,'אינטליגנטי פלסטי עכבר','https://loremflickr.com/640/480?lock=74070',0,3),(10,'לא ממותג גרניט מכנסיים','https://loremflickr.com/640/480?lock=39180',1,3),(11,'אינטליגנטי פלסטי טונה','https://loremflickr.com/640/480?lock=41615',1,4),(12,'טעים פלדה כדור','https://loremflickr.com/640/480?lock=4389',0,4),(13,'מדהים עץ כובע','https://loremflickr.com/640/480?lock=3680',0,4),(14,'מלוטש צַח מקלדת','https://loremflickr.com/640/480?lock=10316',0,5),(15,'מלוטש כותנה בייקון','https://loremflickr.com/640/480?lock=47213',0,5),(16,'קטן צַח כיסא','https://loremflickr.com/640/480?lock=90432',0,5),(17,'מורשה קפוא מחשב','https://loremflickr.com/640/480?lock=3987',0,6),(18,'מדהים מתכת מחשב','https://loremflickr.com/640/480?lock=62494',0,6),(19,'פנטסטי כותנה גבינה','https://loremflickr.com/640/480?lock=90216',1,6),(20,'אינטליגנטי כותנה שולחן','https://loremflickr.com/640/480?lock=83651',0,6),(21,'גנרית בטון טונה','https://loremflickr.com/640/480?lock=41810',0,7),(22,'עבודת יד צַח כיסא','https://loremflickr.com/640/480?lock=36757',0,7),(23,'מאוד יפה כותנה מקלדת','https://loremflickr.com/640/480?lock=45186',1,7),(24,'טעים פלדה צ\'יפס','https://loremflickr.com/640/480?lock=37340',1,8),(25,'טעים עץ חולצה','https://loremflickr.com/640/480?lock=81168',0,8),(26,'טעים מתכת אופניים','https://loremflickr.com/640/480?lock=54380',1,9),(27,'מדהים עץ מגבות','https://loremflickr.com/640/480?lock=2859',0,9),(28,'מעשי רך צ\'יפס','https://loremflickr.com/640/480?lock=86398',0,9),(29,'טעים פלדה מגבות','https://loremflickr.com/640/480?lock=89249',0,10),(30,'גנרית מתכת דג','https://loremflickr.com/640/480?lock=81008',0,10),(31,'ארגונומי עץ שולחן','https://loremflickr.com/640/480?lock=58694',0,10),(32,'גנרית רך מחשב','https://loremflickr.com/640/480?lock=61588',0,11),(33,'מדהים צַח חולצה','https://loremflickr.com/640/480?lock=70497',0,11),(34,'לא ממותג צַח אופניים','https://loremflickr.com/640/480?lock=47559',0,11),(35,'מורשה גרניט אופניים','https://loremflickr.com/640/480?lock=71340',0,11),(36,'מעשי רך מחשב','https://loremflickr.com/640/480?lock=46008',0,12),(37,'עבודת יד בטון עכבר','https://loremflickr.com/640/480?lock=56332',0,12),(38,'עבודת יד רך מחשב','https://loremflickr.com/640/480?lock=30088',0,12),(39,'גנרית רך כפפות','https://loremflickr.com/640/480?lock=56516',1,12),(40,'מְזוּקָק עץ נעליים','https://loremflickr.com/640/480?lock=70069',0,13),(41,'עבודת יד צַח סבון','https://loremflickr.com/640/480?lock=26677',1,13),(42,'כפרי בטון כיסא','https://loremflickr.com/640/480?lock=57620',1,14),(43,'מְזוּקָק גומי סבון','https://loremflickr.com/640/480?lock=12600',0,14),(44,'כפרי בטון מחשב','https://loremflickr.com/640/480?lock=45462',0,15),(45,'פנטסטי קפוא נעליים','https://loremflickr.com/640/480?lock=72344',1,15),(46,'לא ממותג כותנה פיצה','https://loremflickr.com/640/480?lock=52866',1,16),(47,'פנטסטי צַח צ\'יפס','https://loremflickr.com/640/480?lock=39341',0,16),(48,'קטן רך נקניקיות','https://loremflickr.com/640/480?lock=249',0,16),(49,'מורשה בטון מגבות','https://loremflickr.com/640/480?lock=57856',0,17),(50,'טעים גרניט אוטו','https://loremflickr.com/640/480?lock=43563',1,17),(51,'מאוד יפה רך סלט','https://loremflickr.com/640/480?lock=97084',0,17),(52,'מורשה כותנה דג','https://loremflickr.com/640/480?lock=22276',0,18),(53,'עבודת יד קפוא צ\'יפס','https://loremflickr.com/640/480?lock=88941',1,18),(54,'מאוד יפה רך גבינה','https://loremflickr.com/640/480?lock=52727',0,19),(55,'כפרי צַח דג','https://loremflickr.com/640/480?lock=1789',0,19),(56,'גנרית גומי מקלדת','https://loremflickr.com/640/480?lock=80993',0,19),(57,'מאוד יפה קפוא בייקון','https://loremflickr.com/640/480?lock=84138',0,19),(58,'מעשי צַח פיצה','https://loremflickr.com/640/480?lock=19947',1,20),(59,'מְזוּקָק עץ אוטו','https://loremflickr.com/640/480?lock=33429',0,20),(60,'מאוד יפה רך מגבות','https://loremflickr.com/640/480?lock=42484',0,20),(61,'מְזוּקָק גרניט כיסא','https://loremflickr.com/640/480?lock=20550',1,21),(62,'מלוטש קפוא מקלדת','https://loremflickr.com/640/480?lock=72929',0,21),(63,'לא ממותג כותנה בייקון','https://loremflickr.com/640/480?lock=83240',0,22),(64,'מְזוּקָק גומי חולצה','https://loremflickr.com/640/480?lock=92838',1,22),(65,'אינטליגנטי צַח בייקון','https://loremflickr.com/640/480?lock=66649',0,22),(66,'טעים מתכת גבינה','https://loremflickr.com/640/480?lock=98337',0,22),(67,'כפרי גומי מקלדת','https://loremflickr.com/640/480?lock=11803',0,23),(68,'מעשי צַח בייקון','https://loremflickr.com/640/480?lock=43143',0,23),(69,'מְזוּקָק מתכת מקלדת','https://loremflickr.com/640/480?lock=44844',0,23),(70,'לא ממותג עץ פיצה','https://loremflickr.com/640/480?lock=11073',1,24),(71,'מעשי קפוא מקלדת','https://loremflickr.com/640/480?lock=18585',0,24),(72,'לא ממותג פלדה נקניקיות','https://loremflickr.com/640/480?lock=79524',0,24),(73,'קטן קפוא עוף','https://loremflickr.com/640/480?lock=8638',0,25),(74,'מורשה גומי אופניים','https://loremflickr.com/640/480?lock=12161',1,25),(75,'מדהים גרניט מכנסיים','https://loremflickr.com/640/480?lock=9540',0,25),(76,'עבודת יד פלדה בייקון','https://loremflickr.com/640/480?lock=2738',0,25),(77,'לא ממותג כותנה נעליים','https://loremflickr.com/640/480?lock=36516',0,26),(78,'ארגונומי גרניט גבינה','https://loremflickr.com/640/480?lock=1871',0,26),(79,'מעשי גרניט מקלדת','https://loremflickr.com/640/480?lock=8175',0,26),(80,'עבודת יד פלסטי עכבר','https://loremflickr.com/640/480?lock=29799',1,26),(81,'מְזוּקָק עץ טונה','https://loremflickr.com/640/480?lock=33864',0,27),(82,'קטן גרניט מכנסיים','https://loremflickr.com/640/480?lock=15311',0,27),(83,'ארגונומי פלדה גבינה','https://loremflickr.com/640/480?lock=23409',0,27),(84,'מדהים רך כובע','https://loremflickr.com/640/480?lock=96733',1,27),(85,'מעשי פלדה גבינה','https://loremflickr.com/640/480?lock=2101',0,28),(86,'מדהים קפוא גבינה','https://loremflickr.com/640/480?lock=95396',1,28),(87,'כפרי גרניט בייקון','https://loremflickr.com/640/480?lock=64239',0,28),(88,'מְזוּקָק צַח כפפות','https://loremflickr.com/640/480?lock=34211',0,28),(89,'כפרי פלסטי עכבר','https://loremflickr.com/640/480?lock=69170',1,29),(90,'עבודת יד כותנה מקלדת','https://loremflickr.com/640/480?lock=31201',0,29),(91,'מלוטש רך צ\'יפס','https://loremflickr.com/640/480?lock=9537',0,29),(92,'מעשי פלדה סלט','https://loremflickr.com/640/480?lock=64863',0,29),(93,'מעשי צַח שולחן','https://loremflickr.com/640/480?lock=15652',1,30),(94,'כפרי רך מכנסיים','https://loremflickr.com/640/480?lock=9806',0,30),(95,'ארגונומי פלסטי טונה','https://loremflickr.com/640/480?lock=27105',0,30),(96,'מאוד יפה קפוא נקניקיות','https://loremflickr.com/640/480?lock=57569',0,30),(97,'פנטסטי כותנה אופניים','https://loremflickr.com/640/480?lock=92225',1,31),(98,'עבודת יד גומי סבון','https://loremflickr.com/640/480?lock=27838',0,31),(99,'כפרי גרניט בייקון','https://loremflickr.com/640/480?lock=71470',0,31),(100,'עבודת יד מתכת מגבות','https://loremflickr.com/640/480?lock=37912',0,32),(101,'מאוד יפה פלסטי סלט','https://loremflickr.com/640/480?lock=87922',1,32),(102,'טעים עץ טונה','https://loremflickr.com/640/480?lock=79500',0,33),(103,'גנרית פלסטי מכנסיים','https://loremflickr.com/640/480?lock=97101',0,33),(104,'פנטסטי עץ חולצה','https://loremflickr.com/640/480?lock=88915',1,33),(105,'מאוד יפה רך כדור','https://loremflickr.com/640/480?lock=61066',0,33),(106,'קטן פלדה מכנסיים','https://loremflickr.com/640/480?lock=68635',0,34),(107,'כפרי מתכת סבון','https://loremflickr.com/640/480?lock=84550',0,34),(108,'טעים כותנה מכנסיים','https://loremflickr.com/640/480?lock=7526',1,35),(109,'פנטסטי גרניט מגבות','https://loremflickr.com/640/480?lock=76520',0,35),(110,'אינטליגנטי מתכת פיצה','https://loremflickr.com/640/480?lock=66399',0,36),(111,'קטן בטון מגבות','https://loremflickr.com/640/480?lock=64363',1,36),(112,'אינטליגנטי כותנה כפפות','https://loremflickr.com/640/480?lock=14892',0,36),(113,'אינטליגנטי כותנה בייקון','https://loremflickr.com/640/480?lock=78172',0,36),(114,'מעשי עץ טונה','https://loremflickr.com/640/480?lock=53391',0,37),(115,'קטן פלדה פיצה','https://loremflickr.com/640/480?lock=65571',1,37),(116,'מְזוּקָק כותנה אופניים','https://loremflickr.com/640/480?lock=47266',0,37),(117,'ארגונומי קפוא עוף','https://loremflickr.com/640/480?lock=54683',0,37),(118,'מדהים גומי סבון','https://loremflickr.com/640/480?lock=77909',1,38),(119,'פנטסטי פלסטי כדור','https://loremflickr.com/640/480?lock=87293',0,38),(120,'פנטסטי פלדה אופניים','https://loremflickr.com/640/480?lock=17991',1,39),(121,'מְזוּקָק צַח מחשב','https://loremflickr.com/640/480?lock=24752',0,39),(122,'מעשי בטון עוף','https://loremflickr.com/640/480?lock=6798',0,39),(123,'אינטליגנטי פלדה מגבות','https://loremflickr.com/640/480?lock=39193',1,40),(124,'פנטסטי עץ טונה','https://loremflickr.com/640/480?lock=9720',0,40),(125,'פנטסטי מתכת בייקון','https://loremflickr.com/640/480?lock=25506',1,41),(126,'פנטסטי פלסטי טונה','https://loremflickr.com/640/480?lock=7476',0,41),(127,'גנרית מתכת כדור','https://loremflickr.com/640/480?lock=23906',0,41),(128,'גנרית גומי מחשב','https://loremflickr.com/640/480?lock=63740',0,41),(129,'קטן פלדה סלט','https://loremflickr.com/640/480?lock=83844',0,42),(130,'מְזוּקָק פלדה צ\'יפס','https://loremflickr.com/640/480?lock=95240',0,42),(131,'מאוד יפה קפוא כיסא','https://loremflickr.com/640/480?lock=60144',0,42),(132,'מלוטש גרניט מכנסיים','https://loremflickr.com/640/480?lock=16294',1,42),(133,'פנטסטי פלדה חולצה','https://loremflickr.com/640/480?lock=91379',0,43),(134,'פנטסטי גומי סלט','https://loremflickr.com/640/480?lock=29814',0,43),(135,'עבודת יד פלדה אופניים','https://loremflickr.com/640/480?lock=28425',0,43),(136,'קטן עץ מגבות','https://loremflickr.com/640/480?lock=44267',1,44),(137,'טעים עץ מכנסיים','https://loremflickr.com/640/480?lock=23181',0,44),(138,'מאוד יפה כותנה בייקון','https://loremflickr.com/640/480?lock=72239',0,45),(139,'פנטסטי פלסטי מגבות','https://loremflickr.com/640/480?lock=45821',0,45),(140,'מאוד יפה קפוא חולצה','https://loremflickr.com/640/480?lock=53569',0,45),(141,'טעים רך מחשב','https://loremflickr.com/640/480?lock=90014',0,45),(142,'עבודת יד בטון שולחן','https://loremflickr.com/640/480?lock=57719',0,46),(143,'מאוד יפה בטון מכנסיים','https://loremflickr.com/640/480?lock=21437',0,46),(144,'פנטסטי גרניט דג','https://loremflickr.com/640/480?lock=58607',0,46),(145,'אינטליגנטי גרניט דג','https://loremflickr.com/640/480?lock=75923',0,47),(146,'עבודת יד גומי גבינה','https://loremflickr.com/640/480?lock=57687',0,47),(147,'מורשה פלסטי עוף','https://loremflickr.com/640/480?lock=64077',0,47),(148,'ארגונומי גרניט טונה','https://loremflickr.com/640/480?lock=17170',0,48),(149,'אינטליגנטי קפוא מקלדת','https://loremflickr.com/640/480?lock=26803',1,48),(150,'אינטליגנטי מתכת דג','https://loremflickr.com/640/480?lock=54079',0,49),(151,'מורשה בטון פיצה','https://loremflickr.com/640/480?lock=3673',1,49),(152,'פנטסטי מתכת שולחן','https://loremflickr.com/640/480?lock=96424',1,50),(153,'מאוד יפה צַח בייקון','https://loremflickr.com/640/480?lock=79881',0,50),(154,'אינטליגנטי גומי מקלדת','https://loremflickr.com/640/480?lock=47561',0,50),(155,'כפרי פלסטי טונה','https://loremflickr.com/640/480?lock=54705',0,50),(156,'מעשי קפוא מכנסיים','https://loremflickr.com/640/480?lock=20028',0,51),(157,'עבודת יד כותנה מגבות','https://loremflickr.com/640/480?lock=18792',1,51),(158,'עבודת יד בטון דג','https://loremflickr.com/640/480?lock=49740',0,51),(159,'מורשה עץ טונה','https://loremflickr.com/640/480?lock=77299',0,52),(160,'מורשה צַח כדור','https://loremflickr.com/640/480?lock=72560',0,52),(161,'עבודת יד רך סבון','https://loremflickr.com/640/480?lock=83325',1,52),(162,'לא ממותג רך פיצה','https://loremflickr.com/640/480?lock=82812',0,53),(163,'מדהים צַח טונה','https://loremflickr.com/640/480?lock=519',1,53),(164,'מְזוּקָק רך מגבות','https://loremflickr.com/640/480?lock=25245',0,53),(165,'טעים גומי כיסא','https://loremflickr.com/640/480?lock=45717',0,54),(166,'מלוטש גומי כפפות','https://loremflickr.com/640/480?lock=51346',0,54),(167,'אינטליגנטי בטון פיצה','https://loremflickr.com/640/480?lock=30215',1,54),(168,'מלוטש עץ עכבר','https://loremflickr.com/640/480?lock=92416',0,55),(169,'לא ממותג צַח כיסא','https://loremflickr.com/640/480?lock=58909',1,55),(170,'מורשה מתכת מכנסיים','https://loremflickr.com/640/480?lock=66793',0,56),(171,'קטן עץ כדור','https://loremflickr.com/640/480?lock=3358',1,56),(172,'אינטליגנטי גרניט שולחן','https://loremflickr.com/640/480?lock=55634',1,57),(173,'אינטליגנטי רך כפפות','https://loremflickr.com/640/480?lock=5259',0,57),(174,'פנטסטי עץ צ\'יפס','https://loremflickr.com/640/480?lock=80840',0,58),(175,'מעשי צַח צ\'יפס','https://loremflickr.com/640/480?lock=6495',0,58),(176,'מְזוּקָק קפוא גבינה','https://loremflickr.com/640/480?lock=30185',0,58),(177,'עבודת יד גרניט כיסא','https://loremflickr.com/640/480?lock=67506',0,58),(178,'מדהים רך צ\'יפס','https://loremflickr.com/640/480?lock=66382',0,59),(179,'מאוד יפה גומי מחשב','https://loremflickr.com/640/480?lock=83355',0,59),(180,'פנטסטי כותנה סלט','https://loremflickr.com/640/480?lock=97507',0,60),(181,'מאוד יפה מתכת נעליים','https://loremflickr.com/640/480?lock=51069',0,60),(182,'מעשי צַח שולחן','https://loremflickr.com/640/480?lock=74207',0,60),(183,'עבודת יד רך מקלדת','https://loremflickr.com/640/480?lock=38821',0,61),(184,'מלוטש גרניט עוף','https://loremflickr.com/640/480?lock=6003',0,61),(185,'מורשה רך חולצה','https://loremflickr.com/640/480?lock=38278',0,61),(186,'גנרית מתכת גבינה','https://loremflickr.com/640/480?lock=70113',0,62),(187,'מלוטש פלדה סבון','https://loremflickr.com/640/480?lock=81139',1,62),(188,'לא ממותג קפוא סלט','https://loremflickr.com/640/480?lock=78816',0,62),(189,'עבודת יד פלדה עכבר','https://loremflickr.com/640/480?lock=72039',1,63),(190,'מורשה רך נעליים','https://loremflickr.com/640/480?lock=84186',0,63),(191,'לא ממותג עץ עוף','https://loremflickr.com/640/480?lock=45080',0,63),(192,'פנטסטי בטון גבינה','https://loremflickr.com/640/480?lock=79344',0,63),(193,'לא ממותג בטון סלט','https://loremflickr.com/640/480?lock=37000',0,64),(194,'טעים פלסטי טונה','https://loremflickr.com/640/480?lock=18586',1,64),(195,'קטן גומי נקניקיות','https://loremflickr.com/640/480?lock=52839',0,65),(196,'כפרי מתכת טונה','https://loremflickr.com/640/480?lock=67584',1,65),(197,'לא ממותג בטון בייקון','https://loremflickr.com/640/480?lock=6661',0,65),(198,'לא ממותג פלסטי אופניים','https://loremflickr.com/640/480?lock=90248',0,65),(199,'פנטסטי כותנה כובע','https://loremflickr.com/640/480?lock=22873',0,66),(200,'קטן גרניט צ\'יפס','https://loremflickr.com/640/480?lock=14311',1,66),(201,'עבודת יד גומי דג','https://loremflickr.com/640/480?lock=16332',1,67),(202,'אינטליגנטי עץ דג','https://loremflickr.com/640/480?lock=72121',0,67),(203,'מאוד יפה כותנה כובע','https://loremflickr.com/640/480?lock=70613',0,68),(204,'פנטסטי קפוא סבון','https://loremflickr.com/640/480?lock=8135',0,68),(205,'ארגונומי בטון מגבות','https://loremflickr.com/640/480?lock=70347',0,69),(206,'מלוטש צַח סבון','https://loremflickr.com/640/480?lock=61264',1,69),(207,'כפרי מתכת בייקון','https://loremflickr.com/640/480?lock=11061',0,70),(208,'מלוטש גרניט דג','https://loremflickr.com/640/480?lock=48853',0,70),(209,'טעים עץ דג','https://loremflickr.com/640/480?lock=52714',0,71),(210,'טעים גומי טונה','https://loremflickr.com/640/480?lock=81751',0,71),(211,'מאוד יפה רך צ\'יפס','https://loremflickr.com/640/480?lock=70104',1,71),(212,'ארגונומי קפוא כפפות','https://loremflickr.com/640/480?lock=93699',0,71),(213,'מורשה פלדה אופניים','https://loremflickr.com/640/480?lock=90092',1,72),(214,'עבודת יד כותנה חולצה','https://loremflickr.com/640/480?lock=73945',0,72),(215,'מורשה כותנה סלט','https://loremflickr.com/640/480?lock=37821',0,72),(216,'מדהים רך כדור','https://loremflickr.com/640/480?lock=19564',0,73),(217,'מלוטש כותנה טונה','https://loremflickr.com/640/480?lock=94349',0,73),(218,'גנרית גומי גבינה','https://loremflickr.com/640/480?lock=50773',1,74),(219,'כפרי פלדה בייקון','https://loremflickr.com/640/480?lock=45314',0,74),(220,'מלוטש מתכת דג','https://loremflickr.com/640/480?lock=73598',0,74),(221,'גנרית כותנה צ\'יפס','https://loremflickr.com/640/480?lock=17802',1,75),(222,'אינטליגנטי בטון עוף','https://loremflickr.com/640/480?lock=28636',0,75),(223,'פנטסטי קפוא כובע','https://loremflickr.com/640/480?lock=14670',0,75),(224,'ארגונומי כותנה סבון','https://loremflickr.com/640/480?lock=27279',0,76),(225,'כפרי רך אופניים','https://loremflickr.com/640/480?lock=49450',0,76),(226,'מלוטש כותנה נקניקיות','https://loremflickr.com/640/480?lock=2513',1,76),(227,'קטן קפוא מקלדת','https://loremflickr.com/640/480?lock=29839',0,77),(228,'מורשה עץ נקניקיות','https://loremflickr.com/640/480?lock=24364',0,77),(229,'אינטליגנטי פלדה סבון','https://loremflickr.com/640/480?lock=66176',1,78),(230,'קטן רך פיצה','https://loremflickr.com/640/480?lock=23634',0,78),(231,'פנטסטי פלדה מגבות','https://loremflickr.com/640/480?lock=42999',0,78),(232,'לא ממותג צַח דג','https://loremflickr.com/640/480?lock=43004',0,78),(233,'גנרית עץ אופניים','https://loremflickr.com/640/480?lock=75297',1,79),(234,'עבודת יד מתכת דג','https://loremflickr.com/640/480?lock=2854',0,79),(235,'מְזוּקָק רך אוטו','https://loremflickr.com/640/480?lock=87911',0,79),(236,'כפרי פלדה כובע','https://loremflickr.com/640/480?lock=46607',0,79),(237,'מלוטש קפוא כיסא','https://loremflickr.com/640/480?lock=88235',0,80),(238,'טעים מתכת מחשב','https://loremflickr.com/640/480?lock=67906',0,80),(239,'מלוטש פלדה חולצה','https://loremflickr.com/640/480?lock=36391',0,80),(240,'מדהים צַח מכנסיים','https://loremflickr.com/640/480?lock=56276',0,80),(241,'מעשי עץ מקלדת','https://loremflickr.com/640/480?lock=18698',0,81),(242,'לא ממותג מתכת סלט','https://loremflickr.com/640/480?lock=74438',0,81),(243,'מלוטש צַח נקניקיות','https://loremflickr.com/640/480?lock=75944',1,81),(244,'מְזוּקָק עץ מקלדת','https://loremflickr.com/640/480?lock=19579',0,81),(245,'מעשי כותנה פיצה','https://loremflickr.com/640/480?lock=64628',1,82),(246,'מְזוּקָק פלסטי טונה','https://loremflickr.com/640/480?lock=85955',0,82),(247,'קטן גומי נקניקיות','https://loremflickr.com/640/480?lock=43094',0,83),(248,'כפרי כותנה כפפות','https://loremflickr.com/640/480?lock=71363',0,83),(249,'לא ממותג גרניט שולחן','https://loremflickr.com/640/480?lock=94311',0,83),(250,'מאוד יפה פלסטי צ\'יפס','https://loremflickr.com/640/480?lock=2462',1,83),(251,'קטן בטון מגבות','https://loremflickr.com/640/480?lock=2214',0,84),(252,'מלוטש בטון מגבות','https://loremflickr.com/640/480?lock=59176',0,84),(253,'פנטסטי בטון מחשב','https://loremflickr.com/640/480?lock=57438',0,84),(254,'מְזוּקָק גומי פיצה','https://loremflickr.com/640/480?lock=67247',0,84),(255,'גנרית פלסטי בייקון','https://loremflickr.com/640/480?lock=99452',0,85),(256,'מדהים גרניט סלט','https://loremflickr.com/640/480?lock=41698',0,85),(257,'מדהים מתכת צ\'יפס','https://loremflickr.com/640/480?lock=85972',1,86),(258,'מאוד יפה צַח נעליים','https://loremflickr.com/640/480?lock=80557',0,86),(259,'מדהים מתכת כפפות','https://loremflickr.com/640/480?lock=89031',1,87),(260,'מעשי בטון צ\'יפס','https://loremflickr.com/640/480?lock=12394',0,87),(261,'אינטליגנטי פלדה טונה','https://loremflickr.com/640/480?lock=91772',1,88),(262,'מְזוּקָק פלדה כפפות','https://loremflickr.com/640/480?lock=11901',0,88),(263,'אינטליגנטי פלדה מכנסיים','https://loremflickr.com/640/480?lock=37338',0,88),(264,'מעשי בטון אופניים','https://loremflickr.com/640/480?lock=30610',0,89),(265,'פנטסטי גומי נעליים','https://loremflickr.com/640/480?lock=70944',0,89),(266,'מְזוּקָק פלדה אופניים','https://loremflickr.com/640/480?lock=67263',1,89),(267,'אינטליגנטי בטון נקניקיות','https://loremflickr.com/640/480?lock=91625',0,89),(268,'גנרית גומי מקלדת','https://loremflickr.com/640/480?lock=82638',0,90),(269,'מְזוּקָק בטון מחשב','https://loremflickr.com/640/480?lock=28211',1,90),(270,'קטן בטון גבינה','https://loremflickr.com/640/480?lock=42958',0,91),(271,'מְזוּקָק צַח טונה','https://loremflickr.com/640/480?lock=79317',0,91),(272,'עבודת יד רך סבון','https://loremflickr.com/640/480?lock=93525',1,91),(273,'ארגונומי בטון מחשב','https://loremflickr.com/640/480?lock=66313',0,92),(274,'טעים עץ מכנסיים','https://loremflickr.com/640/480?lock=21934',1,92),(275,'מְזוּקָק קפוא עוף','https://loremflickr.com/640/480?lock=69785',0,92),(276,'כפרי בטון כדור','https://loremflickr.com/640/480?lock=49447',0,93),(277,'טעים כותנה עוף','https://loremflickr.com/640/480?lock=17261',1,93),(278,'מעשי בטון שולחן','https://loremflickr.com/640/480?lock=54518',0,93),(279,'לא ממותג מתכת בייקון','https://loremflickr.com/640/480?lock=9731',0,93),(280,'פנטסטי כותנה סלט','https://loremflickr.com/640/480?lock=86470',1,94),(281,'פנטסטי רך אוטו','https://loremflickr.com/640/480?lock=23016',0,94),(282,'אינטליגנטי מתכת סלט','https://loremflickr.com/640/480?lock=80093',0,94),(283,'ארגונומי צַח בייקון','https://loremflickr.com/640/480?lock=50552',0,94),(284,'מעשי צַח אוטו','https://loremflickr.com/640/480?lock=67626',0,95),(285,'מעשי צַח מחשב','https://loremflickr.com/640/480?lock=28759',0,95),(286,'מדהים גומי אוטו','https://loremflickr.com/640/480?lock=11871',0,95),(287,'מאוד יפה עץ כדור','https://loremflickr.com/640/480?lock=59524',0,95),(288,'מעשי צַח כובע','https://loremflickr.com/640/480?lock=19737',0,96),(289,'ארגונומי בטון שולחן','https://loremflickr.com/640/480?lock=46656',1,96),(290,'ארגונומי רך כובע','https://loremflickr.com/640/480?lock=16178',0,96),(291,'מעשי פלדה סבון','https://loremflickr.com/640/480?lock=38020',1,97),(292,'גנרית פלסטי עכבר','https://loremflickr.com/640/480?lock=60476',0,97),(293,'מדהים פלדה שולחן','https://loremflickr.com/640/480?lock=9205',0,98),(294,'מורשה רך שולחן','https://loremflickr.com/640/480?lock=7990',1,98),(295,'כפרי כותנה גבינה','https://loremflickr.com/640/480?lock=1744',0,98),(296,'קטן קפוא כדור','https://loremflickr.com/640/480?lock=33774',0,98),(297,'מדהים רך נקניקיות','https://loremflickr.com/640/480?lock=59793',0,99),(298,'טעים גומי נעליים','https://loremflickr.com/640/480?lock=12845',0,99),(299,'מעשי גרניט חולצה','https://loremflickr.com/640/480?lock=94426',1,100),(300,'מעשי גרניט צ\'יפס','https://loremflickr.com/640/480?lock=58793',0,100),(301,'ארגונומי פלסטי צ\'יפס','https://loremflickr.com/640/480?lock=31629',1,101),(302,'פנטסטי רך כדור','https://loremflickr.com/640/480?lock=34411',0,101),(303,'ארגונומי צַח טונה','https://loremflickr.com/640/480?lock=58120',1,102),(304,'מלוטש כותנה סלט','https://loremflickr.com/640/480?lock=2216',0,102),(305,'עבודת יד פלסטי גבינה','https://loremflickr.com/640/480?lock=42068',0,103),(306,'מאוד יפה גומי מקלדת','https://loremflickr.com/640/480?lock=73586',1,103),(307,'קטן גומי שולחן','https://loremflickr.com/640/480?lock=83337',0,103),(308,'ארגונומי כותנה כיסא','https://loremflickr.com/640/480?lock=41657',0,104),(309,'מאוד יפה פלסטי טונה','https://loremflickr.com/640/480?lock=99620',1,104),(310,'טעים כותנה שולחן','https://loremflickr.com/640/480?lock=59415',1,105),(311,'טעים גומי שולחן','https://loremflickr.com/640/480?lock=39741',0,105),(312,'מורשה פלדה טונה','https://loremflickr.com/640/480?lock=74574',0,105),(313,'ארגונומי גרניט נקניקיות','https://loremflickr.com/640/480?lock=45566',0,105),(314,'אינטליגנטי גרניט דג','https://loremflickr.com/640/480?lock=5029',0,106),(315,'עבודת יד עץ כפפות','https://loremflickr.com/640/480?lock=89191',0,106),(316,'אינטליגנטי פלדה אוטו','https://loremflickr.com/640/480?lock=88771',0,107),(317,'טעים בטון דג','https://loremflickr.com/640/480?lock=75662',0,107),(318,'עבודת יד קפוא מקלדת','https://loremflickr.com/640/480?lock=72610',1,107),(319,'ארגונומי כותנה חולצה','https://loremflickr.com/640/480?lock=96166',0,107),(320,'קטן פלסטי חולצה','https://loremflickr.com/640/480?lock=32036',0,108),(321,'פנטסטי גרניט מגבות','https://loremflickr.com/640/480?lock=68721',0,108),(322,'אינטליגנטי רך כובע','https://loremflickr.com/640/480?lock=50687',1,108),(323,'קטן גרניט שולחן','https://loremflickr.com/640/480?lock=44658',0,108),(324,'מאוד יפה רך מגבות','https://loremflickr.com/640/480?lock=19647',1,109),(325,'מאוד יפה גומי טונה','https://loremflickr.com/640/480?lock=67898',0,109),(326,'מעשי קפוא גבינה','https://loremflickr.com/640/480?lock=2649',0,109),(327,'כפרי בטון אוטו','https://loremflickr.com/640/480?lock=11672',0,110),(328,'מדהים עץ סבון','https://loremflickr.com/640/480?lock=32513',0,110),(329,'מדהים צַח בייקון','https://loremflickr.com/640/480?lock=53548',1,110),(330,'עבודת יד פלסטי גבינה','https://loremflickr.com/640/480?lock=24699',0,111),(331,'מאוד יפה גומי סלט','https://loremflickr.com/640/480?lock=8123',0,111),(332,'כפרי מתכת כפפות','https://loremflickr.com/640/480?lock=98540',0,111),(333,'טעים מתכת מחשב','https://loremflickr.com/640/480?lock=81772',1,111),(334,'לא ממותג מתכת עוף','https://loremflickr.com/640/480?lock=8403',1,112),(335,'מאוד יפה כותנה שולחן','https://loremflickr.com/640/480?lock=97783',0,112),(336,'טעים פלסטי סבון','https://loremflickr.com/640/480?lock=64669',0,112),(337,'קטן מתכת מגבות','https://loremflickr.com/640/480?lock=28383',0,113),(338,'לא ממותג עץ כיסא','https://loremflickr.com/640/480?lock=34651',0,113),(339,'אינטליגנטי עץ סבון','https://loremflickr.com/640/480?lock=43214',0,114),(340,'מלוטש רך סלט','https://loremflickr.com/640/480?lock=81758',0,114),(341,'לא ממותג מתכת מגבות','https://loremflickr.com/640/480?lock=26401',1,115),(342,'מְזוּקָק עץ דג','https://loremflickr.com/640/480?lock=46649',0,115),(343,'מְזוּקָק רך כדור','https://loremflickr.com/640/480?lock=24665',0,115),(344,'ארגונומי רך דג','https://loremflickr.com/640/480?lock=11899',0,115),(345,'כפרי קפוא נעליים','https://loremflickr.com/640/480?lock=49081',0,116),(346,'כפרי מתכת אופניים','https://loremflickr.com/640/480?lock=13238',0,116),(347,'ארגונומי רך כדור','https://loremflickr.com/640/480?lock=25998',1,116),(348,'טעים פלסטי אופניים','https://loremflickr.com/640/480?lock=74760',0,117),(349,'לא ממותג בטון טונה','https://loremflickr.com/640/480?lock=38168',0,117),(350,'פנטסטי גרניט בייקון','https://loremflickr.com/640/480?lock=37583',0,117),(351,'מאוד יפה גומי דג','https://loremflickr.com/640/480?lock=38816',1,117),(352,'ארגונומי מתכת אופניים','https://loremflickr.com/640/480?lock=34130',0,118),(353,'מדהים פלסטי חולצה','https://loremflickr.com/640/480?lock=734',1,118),(354,'אינטליגנטי עץ כדור','https://loremflickr.com/640/480?lock=33432',0,118),(355,'גנרית קפוא כובע','https://loremflickr.com/640/480?lock=75145',0,118),(356,'לא ממותג עץ חולצה','https://loremflickr.com/640/480?lock=9131',1,119),(357,'קטן צַח עכבר','https://loremflickr.com/640/480?lock=46130',0,119),(358,'קטן קפוא נעליים','https://loremflickr.com/640/480?lock=75047',0,120),(359,'כפרי קפוא נקניקיות','https://loremflickr.com/640/480?lock=84092',0,120),(360,'מעשי כותנה נעליים','https://loremflickr.com/640/480?lock=16372',1,120),(361,'אינטליגנטי גומי שולחן','https://loremflickr.com/640/480?lock=66928',0,120),(362,'מְזוּקָק פלסטי מכנסיים','https://loremflickr.com/640/480?lock=90653',0,121),(363,'מדהים צַח טונה','https://loremflickr.com/640/480?lock=37755',0,121),(364,'ארגונומי רך מגבות','https://loremflickr.com/640/480?lock=65686',0,121),(365,'אינטליגנטי מתכת מגבות','https://loremflickr.com/640/480?lock=89123',0,122),(366,'לא ממותג כותנה מקלדת','https://loremflickr.com/640/480?lock=14877',0,122),(367,'לא ממותג קפוא אוטו','https://loremflickr.com/640/480?lock=81778',1,122),(368,'קטן גרניט שולחן','https://loremflickr.com/640/480?lock=95832',0,122),(369,'כפרי רך סבון','https://loremflickr.com/640/480?lock=98621',0,123),(370,'מעשי פלדה סלט','https://loremflickr.com/640/480?lock=62620',0,123),(371,'מורשה בטון סלט','https://loremflickr.com/640/480?lock=42149',0,123),(372,'אינטליגנטי פלדה מכנסיים','https://loremflickr.com/640/480?lock=76030',1,123),(373,'גנרית רך בייקון','https://loremflickr.com/640/480?lock=14024',0,124),(374,'ארגונומי רך בייקון','https://loremflickr.com/640/480?lock=78379',0,124),(375,'כפרי מתכת נעליים','https://loremflickr.com/640/480?lock=4325',1,125),(376,'מורשה גרניט אוטו','https://loremflickr.com/640/480?lock=52648',0,125),(377,'עבודת יד עץ כדור','https://loremflickr.com/640/480?lock=50706',0,126),(378,'מדהים צַח נקניקיות','https://loremflickr.com/640/480?lock=80279',1,126),(379,'לא ממותג גומי מחשב','https://loremflickr.com/640/480?lock=71857',0,126),(380,'לא ממותג בטון מגבות','https://loremflickr.com/640/480?lock=54940',0,126),(381,'לא ממותג צַח פיצה','https://loremflickr.com/640/480?lock=25380',1,127),(382,'מדהים רך צ\'יפס','https://loremflickr.com/640/480?lock=65145',0,127),(383,'לא ממותג רך מכנסיים','https://loremflickr.com/640/480?lock=29853',0,127),(384,'ארגונומי פלסטי מקלדת','https://loremflickr.com/640/480?lock=75121',0,127),(385,'ארגונומי מתכת חולצה','https://loremflickr.com/640/480?lock=57232',0,128),(386,'כפרי צַח שולחן','https://loremflickr.com/640/480?lock=65360',0,128),(387,'פנטסטי צַח כדור','https://loremflickr.com/640/480?lock=67609',1,128),(388,'מדהים מתכת גבינה','https://loremflickr.com/640/480?lock=97823',0,128),(389,'קטן פלדה כובע','https://loremflickr.com/640/480?lock=26075',0,129),(390,'אינטליגנטי צַח צ\'יפס','https://loremflickr.com/640/480?lock=36326',1,129),(391,'אינטליגנטי עץ נעליים','https://loremflickr.com/640/480?lock=41471',0,129),(392,'גנרית צַח פיצה','https://loremflickr.com/640/480?lock=10985',0,129),(393,'פנטסטי מתכת עוף','https://loremflickr.com/640/480?lock=61589',0,130),(394,'פנטסטי מתכת מקלדת','https://loremflickr.com/640/480?lock=2785',0,130),(395,'לא ממותג עץ צ\'יפס','https://loremflickr.com/640/480?lock=52319',0,131),(396,'קטן מתכת כפפות','https://loremflickr.com/640/480?lock=88236',1,131),(397,'לא ממותג פלסטי עוף','https://loremflickr.com/640/480?lock=12173',0,131),(398,'כפרי בטון נעליים','https://loremflickr.com/640/480?lock=15851',0,132),(399,'עבודת יד גרניט כפפות','https://loremflickr.com/640/480?lock=40753',0,132),(400,'גנרית פלדה נקניקיות','https://loremflickr.com/640/480?lock=58294',0,132),(401,'טעים פלסטי חולצה','https://loremflickr.com/640/480?lock=43744',0,133),(402,'מדהים גרניט סבון','https://loremflickr.com/640/480?lock=73938',0,133),(403,'מעשי צַח כדור','https://loremflickr.com/640/480?lock=85812',1,133),(404,'עבודת יד קפוא סבון','https://loremflickr.com/640/480?lock=50745',0,134),(405,'מורשה פלדה צ\'יפס','https://loremflickr.com/640/480?lock=18348',1,134),(406,'ארגונומי גומי כובע','https://loremflickr.com/640/480?lock=86311',0,134),(407,'מעשי צַח נקניקיות','https://loremflickr.com/640/480?lock=15384',0,135),(408,'טעים מתכת מכנסיים','https://loremflickr.com/640/480?lock=76807',0,135),(409,'אינטליגנטי בטון צ\'יפס','https://loremflickr.com/640/480?lock=80574',0,135),(410,'לא ממותג גומי עכבר','https://loremflickr.com/640/480?lock=77002',1,136),(411,'כפרי גומי סלט','https://loremflickr.com/640/480?lock=61727',0,136),(412,'ארגונומי גרניט מקלדת','https://loremflickr.com/640/480?lock=85563',0,136),(413,'מאוד יפה כותנה כיסא','https://loremflickr.com/640/480?lock=16574',0,136),(414,'מעשי בטון סלט','https://loremflickr.com/640/480?lock=74834',0,137),(415,'ארגונומי גומי אוטו','https://loremflickr.com/640/480?lock=9503',1,137),(416,'ארגונומי גומי דג','https://loremflickr.com/640/480?lock=3195',0,137),(417,'מדהים רך סבון','https://loremflickr.com/640/480?lock=53420',0,138),(418,'עבודת יד בטון עוף','https://loremflickr.com/640/480?lock=91314',0,138),(419,'ארגונומי צַח כובע','https://loremflickr.com/640/480?lock=62786',0,138),(420,'גנרית פלסטי אוטו','https://loremflickr.com/640/480?lock=78864',1,138),(421,'מלוטש צַח מחשב','https://loremflickr.com/640/480?lock=93675',0,139),(422,'לא ממותג גומי שולחן','https://loremflickr.com/640/480?lock=71742',0,139),(423,'לא ממותג קפוא עוף','https://loremflickr.com/640/480?lock=43737',1,139),(424,'קטן כותנה עכבר','https://loremflickr.com/640/480?lock=47134',0,140),(425,'טעים פלסטי מקלדת','https://loremflickr.com/640/480?lock=9015',1,140),(426,'ארגונומי מתכת כובע','https://loremflickr.com/640/480?lock=59889',0,141),(427,'עבודת יד פלסטי חולצה','https://loremflickr.com/640/480?lock=74284',0,141),(428,'מדהים עץ צ\'יפס','https://loremflickr.com/640/480?lock=93350',1,142),(429,'מאוד יפה בטון עוף','https://loremflickr.com/640/480?lock=42983',0,142),(430,'מְזוּקָק פלדה דג','https://loremflickr.com/640/480?lock=80858',0,142),(431,'ארגונומי פלסטי מכנסיים','https://loremflickr.com/640/480?lock=30797',0,143),(432,'אינטליגנטי גומי כדור','https://loremflickr.com/640/480?lock=72740',0,143),(433,'מעשי פלדה אופניים','https://loremflickr.com/640/480?lock=76069',0,144),(434,'מעשי רך בייקון','https://loremflickr.com/640/480?lock=80366',0,144),(435,'מלוטש קפוא מחשב','https://loremflickr.com/640/480?lock=57606',0,145),(436,'עבודת יד בטון מכנסיים','https://loremflickr.com/640/480?lock=39630',1,145),(437,'לא ממותג גרניט צ\'יפס','https://loremflickr.com/640/480?lock=41042',0,145),(438,'מאוד יפה פלדה עכבר','https://loremflickr.com/640/480?lock=44982',0,146),(439,'ארגונומי בטון כדור','https://loremflickr.com/640/480?lock=72475',0,146),(440,'מדהים עץ כפפות','https://loremflickr.com/640/480?lock=32039',0,146),(441,'ארגונומי גרניט כפפות','https://loremflickr.com/640/480?lock=11907',0,147),(442,'מורשה פלסטי כפפות','https://loremflickr.com/640/480?lock=19601',1,147),(443,'מלוטש פלסטי פיצה','https://loremflickr.com/640/480?lock=86380',0,147),(444,'פנטסטי קפוא אופניים','https://loremflickr.com/640/480?lock=34658',0,148),(445,'מורשה כותנה כדור','https://loremflickr.com/640/480?lock=42792',0,148),(446,'מדהים קפוא נעליים','https://loremflickr.com/640/480?lock=84053',0,149),(447,'פנטסטי פלסטי מקלדת','https://loremflickr.com/640/480?lock=40137',1,149),(448,'עבודת יד כותנה גבינה','https://loremflickr.com/640/480?lock=71394',0,150),(449,'מורשה גרניט כובע','https://loremflickr.com/640/480?lock=43786',0,150),(450,'מְזוּקָק בטון פיצה','https://loremflickr.com/640/480?lock=51992',0,150),(451,'מורשה גומי דג','https://loremflickr.com/640/480?lock=2822',0,150),(452,'אינטליגנטי גומי עכבר','https://loremflickr.com/640/480?lock=97468',0,151),(453,'מורשה עץ נקניקיות','https://loremflickr.com/640/480?lock=4263',1,151),(454,'טעים פלדה גבינה','https://loremflickr.com/640/480?lock=3746',0,152),(455,'עבודת יד פלסטי כדור','https://loremflickr.com/640/480?lock=86278',0,152),(456,'מלוטש צַח כיסא','https://loremflickr.com/640/480?lock=78790',0,152),(457,'ארגונומי פלדה נקניקיות','https://loremflickr.com/640/480?lock=1481',0,153),(458,'מורשה פלדה כדור','https://loremflickr.com/640/480?lock=29869',0,153),(459,'אינטליגנטי רך עוף','https://loremflickr.com/640/480?lock=4078',1,153),(460,'מורשה קפוא בייקון','https://loremflickr.com/640/480?lock=85993',0,154),(461,'מורשה מתכת דג','https://loremflickr.com/640/480?lock=18078',1,154),(462,'פנטסטי רך פיצה','https://loremflickr.com/640/480?lock=83657',0,155),(463,'מלוטש מתכת נקניקיות','https://loremflickr.com/640/480?lock=65641',1,155),(464,'ארגונומי כותנה חולצה','https://loremflickr.com/640/480?lock=9514',0,155),(465,'מלוטש פלסטי טונה','https://loremflickr.com/640/480?lock=46350',0,156),(466,'לא ממותג כותנה חולצה','https://loremflickr.com/640/480?lock=61608',0,156),(467,'מְזוּקָק פלסטי סבון','https://loremflickr.com/640/480?lock=23630',1,156),(468,'מאוד יפה רך מחשב','https://loremflickr.com/640/480?lock=31481',0,157),(469,'ארגונומי גומי סלט','https://loremflickr.com/640/480?lock=47663',1,157),(470,'מורשה בטון בייקון','https://loremflickr.com/640/480?lock=23543',0,157),(471,'מלוטש פלדה נקניקיות','https://loremflickr.com/640/480?lock=67509',0,157),(472,'קטן פלסטי טונה','https://loremflickr.com/640/480?lock=50039',0,158),(473,'מלוטש צַח נקניקיות','https://loremflickr.com/640/480?lock=92163',1,158),(474,'מְזוּקָק פלדה גבינה','https://loremflickr.com/640/480?lock=52662',1,159),(475,'לא ממותג מתכת סלט','https://loremflickr.com/640/480?lock=58586',0,159),(476,'עבודת יד קפוא כיסא','https://loremflickr.com/640/480?lock=8327',0,159),(477,'אינטליגנטי עץ חולצה','https://loremflickr.com/640/480?lock=4900',0,160),(478,'מדהים עץ טונה','https://loremflickr.com/640/480?lock=46028',1,160),(479,'מעשי פלדה כפפות','https://loremflickr.com/640/480?lock=37817',0,161),(480,'מדהים כותנה בייקון','https://loremflickr.com/640/480?lock=8119',0,161),(481,'מדהים צַח טונה','https://loremflickr.com/640/480?lock=46998',1,161),(482,'לא ממותג מתכת אוטו','https://loremflickr.com/640/480?lock=33270',0,162),(483,'קטן פלדה בייקון','https://loremflickr.com/640/480?lock=77836',1,162),(484,'עבודת יד גומי כדור','https://loremflickr.com/640/480?lock=15439',0,162),(485,'מעשי גומי אופניים','https://loremflickr.com/640/480?lock=70539',0,162),(486,'אינטליגנטי בטון פיצה','https://loremflickr.com/640/480?lock=14500',0,163),(487,'אינטליגנטי עץ סבון','https://loremflickr.com/640/480?lock=24484',0,163),(488,'מדהים מתכת כיסא','https://loremflickr.com/640/480?lock=44100',0,163),(489,'קטן פלסטי מגבות','https://loremflickr.com/640/480?lock=31351',0,163),(490,'גנרית בטון צ\'יפס','https://loremflickr.com/640/480?lock=62830',0,164),(491,'אינטליגנטי פלסטי מכנסיים','https://loremflickr.com/640/480?lock=88622',0,164),(492,'מעשי פלסטי מחשב','https://loremflickr.com/640/480?lock=8555',0,165),(493,'טעים פלדה כיסא','https://loremflickr.com/640/480?lock=34717',1,165),(494,'ארגונומי קפוא מחשב','https://loremflickr.com/640/480?lock=72493',0,165),(495,'לא ממותג צַח עוף','https://loremflickr.com/640/480?lock=32293',0,166),(496,'מלוטש גומי מחשב','https://loremflickr.com/640/480?lock=44827',0,166),(497,'מורשה צַח צ\'יפס','https://loremflickr.com/640/480?lock=69250',0,166),(498,'ארגונומי רך אוטו','https://loremflickr.com/640/480?lock=19387',0,166),(499,'פנטסטי בטון סבון','https://loremflickr.com/640/480?lock=99507',1,167),(500,'גנרית גרניט צ\'יפס','https://loremflickr.com/640/480?lock=45391',0,167),(501,'טעים פלסטי כפפות','https://loremflickr.com/640/480?lock=71753',0,167),(502,'ארגונומי פלסטי סבון','https://loremflickr.com/640/480?lock=30119',0,167),(503,'ארגונומי גומי חולצה','https://loremflickr.com/640/480?lock=31152',0,168),(504,'מְזוּקָק פלסטי אופניים','https://loremflickr.com/640/480?lock=88761',0,168),(505,'מאוד יפה עץ שולחן','https://loremflickr.com/640/480?lock=20923',0,168),(506,'כפרי עץ מכנסיים','https://loremflickr.com/640/480?lock=9530',0,168),(507,'מדהים קפוא כדור','https://loremflickr.com/640/480?lock=11601',0,169),(508,'קטן צַח גבינה','https://loremflickr.com/640/480?lock=5590',1,169),(509,'ארגונומי כותנה מכנסיים','https://loremflickr.com/640/480?lock=70628',0,169),(510,'עבודת יד פלדה דג','https://loremflickr.com/640/480?lock=18137',1,170),(511,'קטן קפוא בייקון','https://loremflickr.com/640/480?lock=58250',0,170),(512,'לא ממותג פלדה פיצה','https://loremflickr.com/640/480?lock=38621',0,171),(513,'מלוטש פלסטי מכנסיים','https://loremflickr.com/640/480?lock=71559',0,171),(514,'עבודת יד גרניט סלט','https://loremflickr.com/640/480?lock=49252',0,172),(515,'לא ממותג עץ נעליים','https://loremflickr.com/640/480?lock=3556',0,172),(516,'מעשי בטון אוטו','https://loremflickr.com/640/480?lock=52164',0,173),(517,'מורשה כותנה צ\'יפס','https://loremflickr.com/640/480?lock=63647',1,173),(518,'עבודת יד פלדה שולחן','https://loremflickr.com/640/480?lock=32158',0,173),(519,'מלוטש פלדה נקניקיות','https://loremflickr.com/640/480?lock=79515',0,173),(520,'כפרי עץ נעליים','https://loremflickr.com/640/480?lock=59056',0,174),(521,'גנרית עץ אופניים','https://loremflickr.com/640/480?lock=91503',0,174),(522,'מלוטש בטון אוטו','https://loremflickr.com/640/480?lock=95736',0,174),(523,'פנטסטי רך אוטו','https://loremflickr.com/640/480?lock=41555',1,175),(524,'עבודת יד עץ סלט','https://loremflickr.com/640/480?lock=94944',0,175),(525,'מורשה פלדה חולצה','https://loremflickr.com/640/480?lock=21147',1,176),(526,'כפרי צַח מקלדת','https://loremflickr.com/640/480?lock=24217',0,176),(527,'כפרי קפוא כדור','https://loremflickr.com/640/480?lock=67089',0,177),(528,'לא ממותג גרניט כדור','https://loremflickr.com/640/480?lock=70238',0,177),(529,'כפרי רך סלט','https://loremflickr.com/640/480?lock=23981',0,177),(530,'אינטליגנטי גרניט כדור','https://loremflickr.com/640/480?lock=30928',1,177),(531,'אינטליגנטי פלסטי שולחן','https://loremflickr.com/640/480?lock=75493',0,178),(532,'ארגונומי בטון טונה','https://loremflickr.com/640/480?lock=30957',0,178),(533,'גנרית בטון כפפות','https://loremflickr.com/640/480?lock=46067',1,178),(534,'קטן גומי חולצה','https://loremflickr.com/640/480?lock=90672',0,178),(535,'קטן מתכת מכנסיים','https://loremflickr.com/640/480?lock=45826',1,179),(536,'כפרי צַח עוף','https://loremflickr.com/640/480?lock=97165',0,179),(537,'מאוד יפה רך מכנסיים','https://loremflickr.com/640/480?lock=69380',1,180),(538,'מְזוּקָק קפוא עכבר','https://loremflickr.com/640/480?lock=93793',0,180),(539,'מאוד יפה גרניט נעליים','https://loremflickr.com/640/480?lock=4914',0,180),(540,'פנטסטי גומי שולחן','https://loremflickr.com/640/480?lock=53907',0,181),(541,'כפרי פלסטי סבון','https://loremflickr.com/640/480?lock=46538',0,181),(542,'מלוטש רך כובע','https://loremflickr.com/640/480?lock=15169',0,181),(543,'מְזוּקָק כותנה כובע','https://loremflickr.com/640/480?lock=50829',0,182),(544,'טעים כותנה כפפות','https://loremflickr.com/640/480?lock=79835',0,182),(545,'מלוטש גומי אופניים','https://loremflickr.com/640/480?lock=43196',0,182),(546,'פנטסטי פלדה טונה','https://loremflickr.com/640/480?lock=30720',1,182),(547,'אינטליגנטי רך כובע','https://loremflickr.com/640/480?lock=19880',0,183),(548,'מדהים צַח בייקון','https://loremflickr.com/640/480?lock=48882',1,183),(549,'מאוד יפה מתכת חולצה','https://loremflickr.com/640/480?lock=41014',0,183),(550,'מעשי צַח כובע','https://loremflickr.com/640/480?lock=32741',1,184),(551,'מורשה רך סבון','https://loremflickr.com/640/480?lock=60127',0,184),(552,'כפרי כותנה מכנסיים','https://loremflickr.com/640/480?lock=39730',0,185),(553,'מְזוּקָק מתכת מגבות','https://loremflickr.com/640/480?lock=74206',0,185),(554,'טעים צַח כיסא','https://loremflickr.com/640/480?lock=56093',0,185),(555,'טעים גרניט מגבות','https://loremflickr.com/640/480?lock=67668',0,186),(556,'מאוד יפה קפוא פיצה','https://loremflickr.com/640/480?lock=57468',1,186),(557,'כפרי פלסטי אוטו','https://loremflickr.com/640/480?lock=76426',0,186),(558,'מלוטש כותנה מגבות','https://loremflickr.com/640/480?lock=30421',0,186),(559,'פנטסטי פלדה סבון','https://loremflickr.com/640/480?lock=22257',0,187),(560,'גנרית פלדה סבון','https://loremflickr.com/640/480?lock=13764',1,187),(561,'מעשי כותנה עוף','https://loremflickr.com/640/480?lock=52940',0,187),(562,'פנטסטי גרניט אוטו','https://loremflickr.com/640/480?lock=93855',0,188),(563,'מְזוּקָק גומי סבון','https://loremflickr.com/640/480?lock=96719',0,188),(564,'קטן רך נקניקיות','https://loremflickr.com/640/480?lock=25824',0,188),(565,'מאוד יפה רך סלט','https://loremflickr.com/640/480?lock=16981',1,188),(566,'מורשה כותנה מקלדת','https://loremflickr.com/640/480?lock=70250',1,189),(567,'מעשי פלסטי עכבר','https://loremflickr.com/640/480?lock=38983',0,189),(568,'מְזוּקָק גומי סלט','https://loremflickr.com/640/480?lock=39516',0,190),(569,'פנטסטי עץ גבינה','https://loremflickr.com/640/480?lock=52189',0,190),(570,'לא ממותג בטון כובע','https://loremflickr.com/640/480?lock=45716',1,190),(571,'מדהים פלסטי טונה','https://loremflickr.com/640/480?lock=53344',0,190),(572,'טעים פלסטי חולצה','https://loremflickr.com/640/480?lock=12286',0,191),(573,'מעשי עץ אופניים','https://loremflickr.com/640/480?lock=26405',0,191),(574,'מדהים כותנה כדור','https://loremflickr.com/640/480?lock=45285',1,191),(575,'מורשה צַח גבינה','https://loremflickr.com/640/480?lock=90352',0,191),(576,'מעשי בטון בייקון','https://loremflickr.com/640/480?lock=4524',0,192),(577,'כפרי רך מקלדת','https://loremflickr.com/640/480?lock=39060',1,192),(578,'ארגונומי גרניט מכנסיים','https://loremflickr.com/640/480?lock=85734',0,192),(579,'עבודת יד פלדה נקניקיות','https://loremflickr.com/640/480?lock=39487',0,193),(580,'מְזוּקָק צַח פיצה','https://loremflickr.com/640/480?lock=69730',0,193),(581,'פנטסטי גומי נקניקיות','https://loremflickr.com/640/480?lock=90090',0,194),(582,'כפרי קפוא עוף','https://loremflickr.com/640/480?lock=15384',0,194),(583,'מְזוּקָק כותנה כובע','https://loremflickr.com/640/480?lock=60528',1,194),(584,'גנרית גרניט חולצה','https://loremflickr.com/640/480?lock=82166',0,194),(585,'פנטסטי צַח גבינה','https://loremflickr.com/640/480?lock=95875',0,195),(586,'אינטליגנטי גומי חולצה','https://loremflickr.com/640/480?lock=94679',1,195),(587,'מדהים רך מקלדת','https://loremflickr.com/640/480?lock=55854',0,196),(588,'אינטליגנטי רך כובע','https://loremflickr.com/640/480?lock=43187',1,196),(589,'פנטסטי פלסטי נקניקיות','https://loremflickr.com/640/480?lock=22517',0,197),(590,'עבודת יד גרניט גבינה','https://loremflickr.com/640/480?lock=14900',1,197),(591,'מְזוּקָק בטון דג','https://loremflickr.com/640/480?lock=92394',1,198),(592,'אינטליגנטי גומי מקלדת','https://loremflickr.com/640/480?lock=76706',0,198),(593,'כפרי רך צ\'יפס','https://loremflickr.com/640/480?lock=25548',0,198),(594,'מאוד יפה עץ כפפות','https://loremflickr.com/640/480?lock=14149',0,199),(595,'גנרית מתכת מקלדת','https://loremflickr.com/640/480?lock=60597',1,199),(596,'מעשי בטון כיסא','https://loremflickr.com/640/480?lock=55657',0,200),(597,'מורשה גרניט דג','https://loremflickr.com/640/480?lock=69732',0,200),(598,'קטן קפוא אוטו','https://loremflickr.com/640/480?lock=67541',0,201),(599,'מלוטש עץ סבון','https://loremflickr.com/640/480?lock=10585',0,201),(600,'אינטליגנטי פלסטי מקלדת','https://loremflickr.com/640/480?lock=17085',1,201),(601,'טעים פלסטי נעליים','https://loremflickr.com/640/480?lock=77431',0,202),(602,'מורשה גרניט פיצה','https://loremflickr.com/640/480?lock=5911',0,202),(603,'מעשי צַח כדור','https://loremflickr.com/640/480?lock=20111',0,202),(604,'אינטליגנטי פלדה נקניקיות','https://loremflickr.com/640/480?lock=3090',0,203),(605,'עבודת יד פלסטי סלט','https://loremflickr.com/640/480?lock=69545',1,203),(606,'מלוטש רך דג','https://loremflickr.com/640/480?lock=76602',0,203),(607,'גנרית פלדה כדור','https://loremflickr.com/640/480?lock=44489',0,204),(608,'מדהים עץ מקלדת','https://loremflickr.com/640/480?lock=12893',0,204),(609,'מעשי מתכת חולצה','https://loremflickr.com/640/480?lock=79145',1,204),(610,'פנטסטי רך מכנסיים','https://loremflickr.com/640/480?lock=61986',0,204),(611,'מאוד יפה רך שולחן','https://loremflickr.com/640/480?lock=26835',0,205),(612,'טעים צַח כובע','https://loremflickr.com/640/480?lock=60076',1,205),(613,'עבודת יד פלסטי פיצה','https://loremflickr.com/640/480?lock=8239',0,205),(614,'כפרי בטון סבון','https://loremflickr.com/640/480?lock=18787',1,206),(615,'אינטליגנטי גומי כדור','https://loremflickr.com/640/480?lock=95980',0,206),(616,'מדהים כותנה כובע','https://loremflickr.com/640/480?lock=25640',0,207),(617,'ארגונומי מתכת מכנסיים','https://loremflickr.com/640/480?lock=98005',0,207),(618,'קטן פלסטי טונה','https://loremflickr.com/640/480?lock=19179',1,207),(619,'עבודת יד פלסטי מחשב','https://loremflickr.com/640/480?lock=9895',0,207),(620,'כפרי בטון פיצה','https://loremflickr.com/640/480?lock=4043',0,208),(621,'ארגונומי מתכת פיצה','https://loremflickr.com/640/480?lock=539',0,208),(622,'כפרי גומי כדור','https://loremflickr.com/640/480?lock=11687',0,208),(623,'אינטליגנטי פלסטי כובע','https://loremflickr.com/640/480?lock=792',1,208),(624,'עבודת יד פלסטי מחשב','https://loremflickr.com/640/480?lock=294',0,209),(625,'גנרית פלסטי בייקון','https://loremflickr.com/640/480?lock=39474',0,209),(626,'לא ממותג גרניט כיסא','https://loremflickr.com/640/480?lock=7231',1,209),(627,'מְזוּקָק פלסטי אופניים','https://loremflickr.com/640/480?lock=36820',1,210),(628,'מורשה גרניט אופניים','https://loremflickr.com/640/480?lock=17494',0,210),(629,'כפרי פלדה כיסא','https://loremflickr.com/640/480?lock=6903',0,210),(630,'מורשה גומי דג','https://loremflickr.com/640/480?lock=20848',0,210),(631,'גנרית כותנה כפפות','https://loremflickr.com/640/480?lock=51356',0,211),(632,'גנרית מתכת כפפות','https://loremflickr.com/640/480?lock=54549',0,211),(633,'טעים רך כדור','https://loremflickr.com/640/480?lock=21199',0,211),(634,'מעשי גרניט כדור','https://loremflickr.com/640/480?lock=21565',1,211),(635,'פנטסטי עץ שולחן','https://loremflickr.com/640/480?lock=47861',0,212),(636,'ארגונומי קפוא כיסא','https://loremflickr.com/640/480?lock=55851',0,212),(637,'מְזוּקָק כותנה מחשב','https://loremflickr.com/640/480?lock=83778',0,212),(638,'עבודת יד מתכת גבינה','https://loremflickr.com/640/480?lock=30884',0,213),(639,'טעים גרניט סלט','https://loremflickr.com/640/480?lock=53707',0,213),(640,'מדהים קפוא כפפות','https://loremflickr.com/640/480?lock=76808',0,213),(641,'אינטליגנטי קפוא שולחן','https://loremflickr.com/640/480?lock=1492',1,213),(642,'מאוד יפה פלסטי נעליים','https://loremflickr.com/640/480?lock=29062',0,214),(643,'כפרי קפוא כיסא','https://loremflickr.com/640/480?lock=24947',1,214),(644,'עבודת יד פלדה בייקון','https://loremflickr.com/640/480?lock=74982',0,214),(645,'גנרית מתכת סבון','https://loremflickr.com/640/480?lock=67754',1,215),(646,'טעים מתכת מקלדת','https://loremflickr.com/640/480?lock=9752',0,215),(647,'מאוד יפה כותנה בייקון','https://loremflickr.com/640/480?lock=6957',1,216),(648,'מדהים עץ סלט','https://loremflickr.com/640/480?lock=80038',0,216),(649,'טעים גרניט דג','https://loremflickr.com/640/480?lock=23335',0,216),(650,'כפרי פלדה אופניים','https://loremflickr.com/640/480?lock=96176',0,216),(651,'מדהים בטון עוף','https://loremflickr.com/640/480?lock=44575',1,217),(652,'קטן רך מחשב','https://loremflickr.com/640/480?lock=7510',0,217),(653,'אינטליגנטי פלסטי אוטו','https://loremflickr.com/640/480?lock=42522',0,217),(654,'גנרית כותנה נעליים','https://loremflickr.com/640/480?lock=4527',0,217),(655,'עבודת יד גרניט אוטו','https://loremflickr.com/640/480?lock=50587',0,218),(656,'גנרית רך כיסא','https://loremflickr.com/640/480?lock=32210',0,218),(657,'פנטסטי עץ מקלדת','https://loremflickr.com/640/480?lock=17467',1,218),(658,'מְזוּקָק כותנה נעליים','https://loremflickr.com/640/480?lock=11540',0,218),(659,'כפרי עץ צ\'יפס','https://loremflickr.com/640/480?lock=52156',0,219),(660,'עבודת יד פלסטי דג','https://loremflickr.com/640/480?lock=5529',0,219),(661,'ארגונומי צַח סבון','https://loremflickr.com/640/480?lock=74308',0,219),(662,'ארגונומי צַח נעליים','https://loremflickr.com/640/480?lock=17405',1,219),(663,'מעשי מתכת אוטו','https://loremflickr.com/640/480?lock=92506',0,220),(664,'לא ממותג פלסטי עכבר','https://loremflickr.com/640/480?lock=67858',0,220),(665,'עבודת יד צַח סלט','https://loremflickr.com/640/480?lock=53772',0,220),(666,'אינטליגנטי גומי נעליים','https://loremflickr.com/640/480?lock=7521',0,221),(667,'עבודת יד מתכת סלט','https://loremflickr.com/640/480?lock=56478',0,221),(668,'עבודת יד בטון מחשב','https://loremflickr.com/640/480?lock=33706',0,221),(669,'כפרי גרניט כובע','https://loremflickr.com/640/480?lock=41972',0,222),(670,'עבודת יד מתכת מחשב','https://loremflickr.com/640/480?lock=61254',0,222),(671,'מעשי כותנה מכנסיים','https://loremflickr.com/640/480?lock=45213',1,222),(672,'מדהים פלסטי אוטו','https://loremflickr.com/640/480?lock=38276',0,222),(673,'טעים קפוא פיצה','https://loremflickr.com/640/480?lock=35237',0,223),(674,'מעשי גרניט מכנסיים','https://loremflickr.com/640/480?lock=14966',0,223),(675,'מאוד יפה מתכת צ\'יפס','https://loremflickr.com/640/480?lock=3036',1,223),(676,'פנטסטי צַח מקלדת','https://loremflickr.com/640/480?lock=39258',0,223),(677,'פנטסטי כותנה בייקון','https://loremflickr.com/640/480?lock=91350',0,224),(678,'גנרית קפוא חולצה','https://loremflickr.com/640/480?lock=41433',0,224),(679,'גנרית רך נעליים','https://loremflickr.com/640/480?lock=46819',0,224),(680,'כפרי צַח מכנסיים','https://loremflickr.com/640/480?lock=12413',0,225),(681,'ארגונומי גומי נעליים','https://loremflickr.com/640/480?lock=80547',0,225),(682,'מאוד יפה מתכת בייקון','https://loremflickr.com/640/480?lock=9383',0,225),(683,'כפרי רך אופניים','https://loremflickr.com/640/480?lock=25567',1,225),(684,'מאוד יפה כותנה עכבר','https://loremflickr.com/640/480?lock=8967',1,226),(685,'פנטסטי רך דג','https://loremflickr.com/640/480?lock=41835',0,226),(686,'גנרית צַח דג','https://loremflickr.com/640/480?lock=90786',0,227),(687,'כפרי גרניט מגבות','https://loremflickr.com/640/480?lock=38836',1,227),(688,'מאוד יפה גרניט חולצה','https://loremflickr.com/640/480?lock=86664',0,227),(689,'מורשה מתכת סבון','https://loremflickr.com/640/480?lock=31254',0,228),(690,'כפרי בטון מכנסיים','https://loremflickr.com/640/480?lock=8461',1,228),(691,'ארגונומי עץ כדור','https://loremflickr.com/640/480?lock=99502',1,229),(692,'מעשי צַח כיסא','https://loremflickr.com/640/480?lock=15179',0,229),(693,'כפרי בטון סבון','https://loremflickr.com/640/480?lock=52832',0,229),(694,'מלוטש בטון נעליים','https://loremflickr.com/640/480?lock=40018',0,230),(695,'מורשה פלסטי אופניים','https://loremflickr.com/640/480?lock=57946',1,230),(696,'מלוטש פלדה אוטו','https://loremflickr.com/640/480?lock=9700',0,230),(697,'מורשה בטון כדור','https://loremflickr.com/640/480?lock=28755',0,230),(698,'טעים פלסטי אופניים','https://loremflickr.com/640/480?lock=2753',0,231),(699,'קטן בטון כפפות','https://loremflickr.com/640/480?lock=7333',0,231),(700,'פנטסטי בטון דג','https://loremflickr.com/640/480?lock=57463',1,231),(701,'גנרית בטון פיצה','https://loremflickr.com/640/480?lock=66972',0,232),(702,'מדהים גומי סלט','https://loremflickr.com/640/480?lock=70960',0,232),(703,'אינטליגנטי קפוא אוטו','https://loremflickr.com/640/480?lock=75942',0,232),(704,'פנטסטי גומי נעליים','https://loremflickr.com/640/480?lock=25800',0,233),(705,'קטן כותנה גבינה','https://loremflickr.com/640/480?lock=25138',0,233),(706,'גנרית גומי נקניקיות','https://loremflickr.com/640/480?lock=23331',0,233),(707,'מעשי מתכת כפפות','https://loremflickr.com/640/480?lock=42630',0,233),(708,'טעים קפוא סבון','https://loremflickr.com/640/480?lock=46553',0,234),(709,'גנרית קפוא מכנסיים','https://loremflickr.com/640/480?lock=47135',0,234),(710,'ארגונומי גומי פיצה','https://loremflickr.com/640/480?lock=34449',1,234),(711,'מאוד יפה קפוא כדור','https://loremflickr.com/640/480?lock=41078',0,235),(712,'לא ממותג גרניט מגבות','https://loremflickr.com/640/480?lock=15148',0,235),(713,'קטן צַח אוטו','https://loremflickr.com/640/480?lock=61736',1,235),(714,'מְזוּקָק בטון פיצה','https://loremflickr.com/640/480?lock=39372',0,235),(715,'גנרית מתכת גבינה','https://loremflickr.com/640/480?lock=19221',0,236),(716,'מעשי קפוא שולחן','https://loremflickr.com/640/480?lock=21504',1,236),(717,'עבודת יד רך נעליים','https://loremflickr.com/640/480?lock=51549',0,236),(718,'לא ממותג גומי דג','https://loremflickr.com/640/480?lock=63450',1,237),(719,'מדהים כותנה חולצה','https://loremflickr.com/640/480?lock=65088',0,237),(720,'כפרי עץ בייקון','https://loremflickr.com/640/480?lock=4049',0,237),(721,'מורשה רך כדור','https://loremflickr.com/640/480?lock=52003',0,237),(722,'מדהים צַח אופניים','https://loremflickr.com/640/480?lock=50246',0,238),(723,'אינטליגנטי גומי נעליים','https://loremflickr.com/640/480?lock=54665',0,238),(724,'מעשי רך שולחן','https://loremflickr.com/640/480?lock=38666',0,238),(725,'טעים עץ עכבר','https://loremflickr.com/640/480?lock=96295',0,238),(726,'לא ממותג מתכת מחשב','https://loremflickr.com/640/480?lock=60733',0,239),(727,'גנרית רך שולחן','https://loremflickr.com/640/480?lock=91590',0,239),(728,'עבודת יד עץ צ\'יפס','https://loremflickr.com/640/480?lock=40476',0,239),(729,'לא ממותג כותנה נקניקיות','https://loremflickr.com/640/480?lock=59260',0,239),(730,'אינטליגנטי פלסטי נעליים','https://loremflickr.com/640/480?lock=52317',1,240),(731,'מאוד יפה רך כדור','https://loremflickr.com/640/480?lock=84841',0,240),(732,'מלוטש רך מכנסיים','https://loremflickr.com/640/480?lock=92687',1,241),(733,'פנטסטי מתכת עכבר','https://loremflickr.com/640/480?lock=97764',0,241),(734,'מאוד יפה גומי נקניקיות','https://loremflickr.com/640/480?lock=60046',0,241),(735,'מאוד יפה כותנה טונה','https://loremflickr.com/640/480?lock=34555',0,241),(736,'אינטליגנטי כותנה אוטו','https://loremflickr.com/640/480?lock=48776',0,242),(737,'מעשי עץ כפפות','https://loremflickr.com/640/480?lock=62055',0,242),(738,'מלוטש פלדה דג','https://loremflickr.com/640/480?lock=85116',1,242),(739,'כפרי גומי טונה','https://loremflickr.com/640/480?lock=79999',0,243),(740,'ארגונומי גומי טונה','https://loremflickr.com/640/480?lock=17499',0,243),(741,'מדהים פלסטי מכנסיים','https://loremflickr.com/640/480?lock=28429',1,243),(742,'מאוד יפה גומי נעליים','https://loremflickr.com/640/480?lock=99685',0,243),(743,'לא ממותג עץ סבון','https://loremflickr.com/640/480?lock=75234',0,244),(744,'טעים גרניט עכבר','https://loremflickr.com/640/480?lock=8886',0,244),(745,'מדהים בטון כובע','https://loremflickr.com/640/480?lock=11683',1,244),(746,'מלוטש פלסטי אוטו','https://loremflickr.com/640/480?lock=34867',0,244),(747,'לא ממותג בטון סבון','https://loremflickr.com/640/480?lock=36312',0,245),(748,'מעשי עץ בייקון','https://loremflickr.com/640/480?lock=30891',0,245),(749,'מורשה כותנה גבינה','https://loremflickr.com/640/480?lock=84475',0,245),(750,'כפרי גומי חולצה','https://loremflickr.com/640/480?lock=70064',1,245),(751,'מלוטש גרניט גבינה','https://loremflickr.com/640/480?lock=1141',1,246),(752,'טעים גרניט מכנסיים','https://loremflickr.com/640/480?lock=20419',0,246),(753,'מעשי בטון עכבר','https://loremflickr.com/640/480?lock=3815',0,246),(754,'מלוטש עץ אוטו','https://loremflickr.com/640/480?lock=43032',0,247),(755,'מדהים כותנה חולצה','https://loremflickr.com/640/480?lock=83099',0,247),(756,'עבודת יד מתכת כפפות','https://loremflickr.com/640/480?lock=52926',0,247),(757,'קטן כותנה בייקון','https://loremflickr.com/640/480?lock=78626',1,247),(758,'מלוטש פלדה מחשב','https://loremflickr.com/640/480?lock=25585',0,248),(759,'מדהים צַח כדור','https://loremflickr.com/640/480?lock=88842',1,248),(760,'פנטסטי קפוא שולחן','https://loremflickr.com/640/480?lock=53434',0,248),(761,'עבודת יד פלסטי סלט','https://loremflickr.com/640/480?lock=48193',0,248),(762,'מעשי בטון נעליים','https://loremflickr.com/640/480?lock=83614',0,249),(763,'קטן פלדה מגבות','https://loremflickr.com/640/480?lock=94788',1,249),(764,'מְזוּקָק גומי עוף','https://loremflickr.com/640/480?lock=4282',0,250),(765,'קטן גרניט גבינה','https://loremflickr.com/640/480?lock=96863',1,250),(766,'מורשה פלדה כפפות','https://loremflickr.com/640/480?lock=10612',0,250),(767,'מלוטש גומי מגבות','https://loremflickr.com/640/480?lock=38042',0,251),(768,'עבודת יד גרניט אופניים','https://loremflickr.com/640/480?lock=39116',0,251),(769,'מורשה צַח עוף','https://loremflickr.com/640/480?lock=99857',0,251),(770,'גנרית רך חולצה','https://loremflickr.com/640/480?lock=88274',1,251),(771,'גנרית עץ מגבות','https://loremflickr.com/640/480?lock=65330',0,252),(772,'ארגונומי קפוא כובע','https://loremflickr.com/640/480?lock=55340',0,252),(773,'אינטליגנטי עץ כובע','https://loremflickr.com/640/480?lock=33107',0,252),(774,'מורשה צַח טונה','https://loremflickr.com/640/480?lock=34493',1,252),(775,'קטן פלדה מכנסיים','https://loremflickr.com/640/480?lock=16262',0,253),(776,'פנטסטי קפוא כפפות','https://loremflickr.com/640/480?lock=74702',0,253),(777,'ארגונומי עץ פיצה','https://loremflickr.com/640/480?lock=51616',1,253),(778,'לא ממותג צַח מחשב','https://loremflickr.com/640/480?lock=72849',0,253),(779,'מדהים צַח עוף','https://loremflickr.com/640/480?lock=60537',0,254),(780,'פנטסטי עץ סבון','https://loremflickr.com/640/480?lock=41336',1,254),(781,'פנטסטי בטון עכבר','https://loremflickr.com/640/480?lock=10005',0,255),(782,'כפרי גרניט בייקון','https://loremflickr.com/640/480?lock=90404',0,255),(783,'כפרי כותנה כיסא','https://loremflickr.com/640/480?lock=19280',1,255),(784,'עבודת יד פלדה דג','https://loremflickr.com/640/480?lock=83794',0,256),(785,'גנרית עץ דג','https://loremflickr.com/640/480?lock=32395',1,256),(786,'כפרי גומי בייקון','https://loremflickr.com/640/480?lock=92241',0,256),(787,'גנרית קפוא פיצה','https://loremflickr.com/640/480?lock=20186',1,257),(788,'גנרית בטון גבינה','https://loremflickr.com/640/480?lock=63116',0,257),(789,'גנרית רך בייקון','https://loremflickr.com/640/480?lock=35224',0,257),(790,'אינטליגנטי גומי גבינה','https://loremflickr.com/640/480?lock=19585',0,257),(791,'פנטסטי רך צ\'יפס','https://loremflickr.com/640/480?lock=94234',0,258),(792,'קטן רך בייקון','https://loremflickr.com/640/480?lock=1291',0,258),(793,'כפרי צַח טונה','https://loremflickr.com/640/480?lock=49880',1,258),(794,'מורשה צַח מקלדת','https://loremflickr.com/640/480?lock=65736',0,259),(795,'מְזוּקָק כותנה צ\'יפס','https://loremflickr.com/640/480?lock=47151',0,259),(796,'טעים פלסטי כדור','https://loremflickr.com/640/480?lock=27596',1,259),(797,'ארגונומי כותנה מגבות','https://loremflickr.com/640/480?lock=14535',0,260),(798,'מורשה גומי כדור','https://loremflickr.com/640/480?lock=28320',0,260),(799,'מְזוּקָק כותנה עכבר','https://loremflickr.com/640/480?lock=69719',1,260),(800,'גנרית בטון פיצה','https://loremflickr.com/640/480?lock=76345',0,260),(801,'מעשי בטון דג','https://loremflickr.com/640/480?lock=58979',0,261),(802,'מעשי צַח כיסא','https://loremflickr.com/640/480?lock=29711',0,261),(803,'מאוד יפה גרניט אופניים','https://loremflickr.com/640/480?lock=33332',0,261),(804,'ארגונומי פלסטי מכנסיים','https://loremflickr.com/640/480?lock=31427',1,261),(805,'כפרי גרניט אוטו','https://loremflickr.com/640/480?lock=58193',0,262),(806,'קטן צַח חולצה','https://loremflickr.com/640/480?lock=27692',1,262),(807,'גנרית מתכת מקלדת','https://loremflickr.com/640/480?lock=83067',1,263),(808,'מלוטש גרניט בייקון','https://loremflickr.com/640/480?lock=37731',0,263),(809,'מְזוּקָק בטון נעליים','https://loremflickr.com/640/480?lock=53143',0,263),(810,'מאוד יפה גרניט דג','https://loremflickr.com/640/480?lock=24171',0,264),(811,'ארגונומי פלסטי אופניים','https://loremflickr.com/640/480?lock=1305',0,264),(812,'אינטליגנטי פלסטי פיצה','https://loremflickr.com/640/480?lock=28374',0,265),(813,'כפרי כותנה אופניים','https://loremflickr.com/640/480?lock=2203',0,265),(814,'מאוד יפה גומי כיסא','https://loremflickr.com/640/480?lock=10440',1,265),(815,'עבודת יד פלסטי בייקון','https://loremflickr.com/640/480?lock=61344',0,265),(816,'כפרי פלדה כיסא','https://loremflickr.com/640/480?lock=60054',1,266),(817,'מעשי קפוא מחשב','https://loremflickr.com/640/480?lock=21527',0,266),(818,'כפרי גרניט טונה','https://loremflickr.com/640/480?lock=97167',0,267),(819,'אינטליגנטי כותנה אופניים','https://loremflickr.com/640/480?lock=64501',0,267),(820,'לא ממותג צַח שולחן','https://loremflickr.com/640/480?lock=10633',0,267),(821,'פנטסטי פלסטי חולצה','https://loremflickr.com/640/480?lock=22746',1,268),(822,'אינטליגנטי מתכת עוף','https://loremflickr.com/640/480?lock=75780',0,268),(823,'מורשה רך מגבות','https://loremflickr.com/640/480?lock=39588',0,268),(824,'קטן בטון בייקון','https://loremflickr.com/640/480?lock=52772',1,269),(825,'קטן כותנה סלט','https://loremflickr.com/640/480?lock=53592',0,269),(826,'עבודת יד כותנה נעליים','https://loremflickr.com/640/480?lock=83922',0,269),(827,'ארגונומי קפוא נקניקיות','https://loremflickr.com/640/480?lock=10225',0,270),(828,'לא ממותג עץ דג','https://loremflickr.com/640/480?lock=59198',0,270),(829,'טעים קפוא עכבר','https://loremflickr.com/640/480?lock=53829',1,270),(830,'מעשי פלסטי אוטו','https://loremflickr.com/640/480?lock=44006',0,271),(831,'ארגונומי פלדה כובע','https://loremflickr.com/640/480?lock=64353',0,271),(832,'גנרית צַח כובע','https://loremflickr.com/640/480?lock=79379',0,271),(833,'לא ממותג בטון עוף','https://loremflickr.com/640/480?lock=47990',1,271),(834,'מעשי פלדה גבינה','https://loremflickr.com/640/480?lock=77914',0,272),(835,'מעשי צַח חולצה','https://loremflickr.com/640/480?lock=37731',0,272),(836,'אינטליגנטי גומי חולצה','https://loremflickr.com/640/480?lock=39753',0,273),(837,'טעים כותנה מכנסיים','https://loremflickr.com/640/480?lock=15429',0,273),(838,'קטן רך עוף','https://loremflickr.com/640/480?lock=15178',0,273),(839,'עבודת יד מתכת מגבות','https://loremflickr.com/640/480?lock=49603',0,274),(840,'גנרית פלסטי טונה','https://loremflickr.com/640/480?lock=41853',1,274),(841,'מאוד יפה פלסטי גבינה','https://loremflickr.com/640/480?lock=66010',0,274),(842,'ארגונומי רך כיסא','https://loremflickr.com/640/480?lock=10469',0,274),(843,'ארגונומי גרניט סבון','https://loremflickr.com/640/480?lock=11955',0,275),(844,'מאוד יפה צַח דג','https://loremflickr.com/640/480?lock=74298',0,275),(845,'פנטסטי פלדה סלט','https://loremflickr.com/640/480?lock=71092',0,275),(846,'מורשה פלסטי פיצה','https://loremflickr.com/640/480?lock=7662',1,275),(847,'מעשי פלדה עכבר','https://loremflickr.com/640/480?lock=1612',0,276),(848,'כפרי קפוא סלט','https://loremflickr.com/640/480?lock=10824',0,276),(849,'פנטסטי פלסטי מכנסיים','https://loremflickr.com/640/480?lock=79789',1,276),(850,'מורשה פלסטי כיסא','https://loremflickr.com/640/480?lock=22512',0,276),(851,'גנרית רך נעליים','https://loremflickr.com/640/480?lock=60183',0,277),(852,'מאוד יפה בטון כפפות','https://loremflickr.com/640/480?lock=64236',0,277),(853,'מורשה פלדה שולחן','https://loremflickr.com/640/480?lock=35844',1,277),(854,'אינטליגנטי עץ סבון','https://loremflickr.com/640/480?lock=22174',1,278),(855,'טעים בטון אופניים','https://loremflickr.com/640/480?lock=96144',0,278),(856,'מדהים כותנה כיסא','https://loremflickr.com/640/480?lock=95267',0,278),(857,'מורשה פלסטי מקלדת','https://loremflickr.com/640/480?lock=7628',1,279),(858,'כפרי קפוא צ\'יפס','https://loremflickr.com/640/480?lock=68627',0,279),(859,'גנרית פלסטי נקניקיות','https://loremflickr.com/640/480?lock=64440',0,280),(860,'קטן קפוא נקניקיות','https://loremflickr.com/640/480?lock=36643',0,280),(861,'מאוד יפה גרניט עוף','https://loremflickr.com/640/480?lock=55311',0,281),(862,'פנטסטי כותנה חולצה','https://loremflickr.com/640/480?lock=75417',0,281),(863,'מורשה עץ טונה','https://loremflickr.com/640/480?lock=31674',0,282),(864,'גנרית רך כפפות','https://loremflickr.com/640/480?lock=10980',0,282),(865,'כפרי כותנה בייקון','https://loremflickr.com/640/480?lock=37501',1,283),(866,'פנטסטי בטון כובע','https://loremflickr.com/640/480?lock=75685',0,283),(867,'ארגונומי גרניט מחשב','https://loremflickr.com/640/480?lock=54603',1,284),(868,'מורשה בטון סבון','https://loremflickr.com/640/480?lock=33521',0,284),(869,'ארגונומי רך בייקון','https://loremflickr.com/640/480?lock=90908',0,285),(870,'פנטסטי רך גבינה','https://loremflickr.com/640/480?lock=71657',1,285),(871,'אינטליגנטי גרניט שולחן','https://loremflickr.com/640/480?lock=82172',0,285),(872,'פנטסטי בטון מכנסיים','https://loremflickr.com/640/480?lock=20472',0,286),(873,'קטן גרניט מכנסיים','https://loremflickr.com/640/480?lock=36497',0,286),(874,'גנרית צַח סבון','https://loremflickr.com/640/480?lock=63265',1,286),(875,'מלוטש רך מגבות','https://loremflickr.com/640/480?lock=29155',0,287),(876,'מעשי מתכת כיסא','https://loremflickr.com/640/480?lock=58958',0,287),(877,'פנטסטי קפוא סלט','https://loremflickr.com/640/480?lock=64205',0,287),(878,'טעים גרניט אופניים','https://loremflickr.com/640/480?lock=41615',0,287),(879,'מעשי גומי גבינה','https://loremflickr.com/640/480?lock=14388',0,288),(880,'ארגונומי כותנה פיצה','https://loremflickr.com/640/480?lock=10626',1,288),(881,'גנרית קפוא דג','https://loremflickr.com/640/480?lock=50853',0,288),(882,'מלוטש עץ מכנסיים','https://loremflickr.com/640/480?lock=57574',0,288),(883,'מורשה מתכת אופניים','https://loremflickr.com/640/480?lock=67315',1,289),(884,'מדהים בטון מקלדת','https://loremflickr.com/640/480?lock=97668',0,289),(885,'גנרית קפוא בייקון','https://loremflickr.com/640/480?lock=24107',0,289),(886,'גנרית גרניט אוטו','https://loremflickr.com/640/480?lock=1287',0,289),(887,'מעשי פלדה אוטו','https://loremflickr.com/640/480?lock=28179',1,290),(888,'מורשה רך מקלדת','https://loremflickr.com/640/480?lock=73112',0,290),(889,'כפרי פלסטי טונה','https://loremflickr.com/640/480?lock=15440',0,290),(890,'כפרי בטון כפפות','https://loremflickr.com/640/480?lock=75047',0,291),(891,'מלוטש פלדה מחשב','https://loremflickr.com/640/480?lock=60585',0,291),(892,'עבודת יד צַח אוטו','https://loremflickr.com/640/480?lock=15819',1,291),(893,'אינטליגנטי פלסטי שולחן','https://loremflickr.com/640/480?lock=56481',0,292),(894,'פנטסטי פלדה כפפות','https://loremflickr.com/640/480?lock=55327',1,292),(895,'מלוטש כותנה גבינה','https://loremflickr.com/640/480?lock=63301',0,292),(896,'טעים גרניט כיסא','https://loremflickr.com/640/480?lock=27747',0,293),(897,'מלוטש בטון מקלדת','https://loremflickr.com/640/480?lock=64301',0,293),(898,'מדהים גומי עוף','https://loremflickr.com/640/480?lock=8118',0,293),(899,'אינטליגנטי בטון דג','https://loremflickr.com/640/480?lock=69913',1,293),(900,'מאוד יפה צַח מגבות','https://loremflickr.com/640/480?lock=48749',1,294),(901,'פנטסטי מתכת מקלדת','https://loremflickr.com/640/480?lock=52627',0,294),(902,'גנרית גרניט כיסא','https://loremflickr.com/640/480?lock=41938',0,294),(903,'מלוטש קפוא חולצה','https://loremflickr.com/640/480?lock=49019',0,294),(904,'לא ממותג צַח אופניים','https://loremflickr.com/640/480?lock=91234',0,295),(905,'פנטסטי פלדה טונה','https://loremflickr.com/640/480?lock=53932',1,295),(906,'לא ממותג צַח שולחן','https://loremflickr.com/640/480?lock=61520',0,296),(907,'מאוד יפה גרניט חולצה','https://loremflickr.com/640/480?lock=77228',1,296),(908,'ארגונומי פלדה מכנסיים','https://loremflickr.com/640/480?lock=19288',0,297),(909,'ארגונומי עץ אוטו','https://loremflickr.com/640/480?lock=59577',1,297),(910,'גנרית בטון סלט','https://loremflickr.com/640/480?lock=9768',0,298),(911,'ארגונומי עץ סבון','https://loremflickr.com/640/480?lock=57120',1,298),(912,'מלוטש כותנה כיסא','https://loremflickr.com/640/480?lock=8450',0,299),(913,'מורשה גרניט כדור','https://loremflickr.com/640/480?lock=22128',0,299),(914,'גנרית כותנה אוטו','https://loremflickr.com/640/480?lock=95090',0,299),(915,'לא ממותג גרניט סלט','https://loremflickr.com/640/480?lock=4299',1,299),(916,'מורשה פלדה מגבות','https://loremflickr.com/640/480?lock=8844',0,300),(917,'מאוד יפה רך מכנסיים','https://loremflickr.com/640/480?lock=35763',1,300),(918,'עבודת יד פלדה כפפות','https://loremflickr.com/640/480?lock=26973',0,300),(919,'טעים בטון גבינה','https://loremflickr.com/640/480?lock=89085',0,301),(920,'מְזוּקָק פלסטי מגבות','https://loremflickr.com/640/480?lock=43750',0,301),(921,'גנרית גומי מגבות','https://loremflickr.com/640/480?lock=10442',1,301),(922,'אינטליגנטי קפוא מגבות','https://loremflickr.com/640/480?lock=61358',0,301),(923,'גנרית עץ כפפות','https://loremflickr.com/640/480?lock=27172',1,302),(924,'לא ממותג קפוא כדור','https://loremflickr.com/640/480?lock=82985',0,302),(925,'מְזוּקָק עץ עכבר','https://loremflickr.com/640/480?lock=3948',0,302),(926,'מאוד יפה פלסטי בייקון','https://loremflickr.com/640/480?lock=95189',0,302),(927,'ארגונומי רך סלט','https://loremflickr.com/640/480?lock=72416',1,303),(928,'לא ממותג פלדה מכנסיים','https://loremflickr.com/640/480?lock=92552',0,303),(929,'מדהים עץ מכנסיים','https://loremflickr.com/640/480?lock=24882',0,303),(930,'מדהים כותנה סלט','https://loremflickr.com/640/480?lock=85829',0,304),(931,'לא ממותג קפוא נעליים','https://loremflickr.com/640/480?lock=7829',0,304),(932,'מעשי רך טונה','https://loremflickr.com/640/480?lock=32360',0,305),(933,'קטן פלדה כיסא','https://loremflickr.com/640/480?lock=44851',0,305),(934,'מאוד יפה גרניט נקניקיות','https://loremflickr.com/640/480?lock=55383',0,305),(935,'קטן גומי סלט','https://loremflickr.com/640/480?lock=64704',1,305),(936,'מאוד יפה פלדה חולצה','https://loremflickr.com/640/480?lock=55697',1,306),(937,'אינטליגנטי כותנה מגבות','https://loremflickr.com/640/480?lock=98212',0,306),(938,'אינטליגנטי עץ מכנסיים','https://loremflickr.com/640/480?lock=51997',0,307),(939,'כפרי מתכת טונה','https://loremflickr.com/640/480?lock=68148',0,307),(940,'עבודת יד פלסטי אופניים','https://loremflickr.com/640/480?lock=988',0,307),(941,'מאוד יפה פלסטי מחשב','https://loremflickr.com/640/480?lock=13414',0,308),(942,'מְזוּקָק גרניט מקלדת','https://loremflickr.com/640/480?lock=74541',1,308),(943,'כפרי קפוא אופניים','https://loremflickr.com/640/480?lock=18470',1,309),(944,'מעשי גומי חולצה','https://loremflickr.com/640/480?lock=52976',0,309),(945,'ארגונומי עץ בייקון','https://loremflickr.com/640/480?lock=12367',0,309),(946,'מורשה עץ נעליים','https://loremflickr.com/640/480?lock=79122',0,309),(947,'מְזוּקָק עץ מכנסיים','https://loremflickr.com/640/480?lock=87840',0,310),(948,'ארגונומי פלדה נעליים','https://loremflickr.com/640/480?lock=11221',1,310),(949,'מעשי גרניט כובע','https://loremflickr.com/640/480?lock=12399',0,311),(950,'פנטסטי גרניט אוטו','https://loremflickr.com/640/480?lock=52181',0,311),(951,'עבודת יד עץ מגבות','https://loremflickr.com/640/480?lock=50388',1,311),(952,'מלוטש פלדה מחשב','https://loremflickr.com/640/480?lock=67683',0,312),(953,'כפרי צַח טונה','https://loremflickr.com/640/480?lock=20644',0,312),(954,'קטן גומי עכבר','https://loremflickr.com/640/480?lock=30058',1,312),(955,'מדהים פלדה נעליים','https://loremflickr.com/640/480?lock=68772',0,313),(956,'פנטסטי בטון סבון','https://loremflickr.com/640/480?lock=51594',0,313),(957,'פנטסטי מתכת סלט','https://loremflickr.com/640/480?lock=20372',0,314),(958,'טעים בטון מקלדת','https://loremflickr.com/640/480?lock=28685',0,314),(959,'מאוד יפה גרניט טונה','https://loremflickr.com/640/480?lock=64880',1,314),(960,'ארגונומי בטון פיצה','https://loremflickr.com/640/480?lock=36862',0,315),(961,'לא ממותג מתכת מכנסיים','https://loremflickr.com/640/480?lock=88344',1,315),(962,'ארגונומי בטון בייקון','https://loremflickr.com/640/480?lock=72363',0,315),(963,'קטן מתכת עכבר','https://loremflickr.com/640/480?lock=80955',0,316),(964,'מדהים עץ חולצה','https://loremflickr.com/640/480?lock=52459',0,316),(965,'מורשה בטון כיסא','https://loremflickr.com/640/480?lock=71393',1,316),(966,'לא ממותג פלדה דג','https://loremflickr.com/640/480?lock=79675',0,316),(967,'גנרית מתכת מכנסיים','https://loremflickr.com/640/480?lock=34632',0,317),(968,'כפרי גומי נעליים','https://loremflickr.com/640/480?lock=55600',0,317),(969,'גנרית קפוא בייקון','https://loremflickr.com/640/480?lock=61470',0,317),(970,'מאוד יפה בטון מכנסיים','https://loremflickr.com/640/480?lock=23102',0,317),(971,'פנטסטי פלדה מחשב','https://loremflickr.com/640/480?lock=30473',0,318),(972,'אינטליגנטי פלדה מקלדת','https://loremflickr.com/640/480?lock=26716',1,318),(973,'קטן עץ עכבר','https://loremflickr.com/640/480?lock=44037',0,318),(974,'מלוטש עץ סבון','https://loremflickr.com/640/480?lock=29950',0,318),(975,'ארגונומי עץ כפפות','https://loremflickr.com/640/480?lock=53738',0,319),(976,'פנטסטי כותנה כיסא','https://loremflickr.com/640/480?lock=71411',0,319),(977,'פנטסטי פלדה מגבות','https://loremflickr.com/640/480?lock=34001',1,319),(978,'קטן בטון נעליים','https://loremflickr.com/640/480?lock=27410',1,320),(979,'ארגונומי עץ מכנסיים','https://loremflickr.com/640/480?lock=30409',0,320),(980,'מעשי מתכת שולחן','https://loremflickr.com/640/480?lock=38638',0,320),(981,'מְזוּקָק צַח נעליים','https://loremflickr.com/640/480?lock=91858',0,320),(982,'מדהים צַח מגבות','https://loremflickr.com/640/480?lock=59899',0,321),(983,'מעשי צַח מגבות','https://loremflickr.com/640/480?lock=58660',1,321),(984,'פנטסטי פלסטי אוטו','https://loremflickr.com/640/480?lock=44303',0,321),(985,'קטן כותנה כפפות','https://loremflickr.com/640/480?lock=16761',0,322),(986,'קטן קפוא פיצה','https://loremflickr.com/640/480?lock=43285',1,322),(987,'אינטליגנטי עץ מקלדת','https://loremflickr.com/640/480?lock=66995',0,322),(988,'קטן פלסטי עכבר','https://loremflickr.com/640/480?lock=57570',0,323),(989,'מורשה גרניט טונה','https://loremflickr.com/640/480?lock=87400',0,323),(990,'אינטליגנטי עץ אוטו','https://loremflickr.com/640/480?lock=66512',1,323),(991,'לא ממותג פלדה דג','https://loremflickr.com/640/480?lock=65098',0,324),(992,'גנרית כותנה כפפות','https://loremflickr.com/640/480?lock=32896',0,324),(993,'לא ממותג גומי דג','https://loremflickr.com/640/480?lock=5416',0,324),(994,'כפרי בטון נקניקיות','https://loremflickr.com/640/480?lock=7633',0,325),(995,'מאוד יפה עץ מקלדת','https://loremflickr.com/640/480?lock=50778',1,325),(996,'מדהים עץ שולחן','https://loremflickr.com/640/480?lock=24614',1,326),(997,'קטן מתכת טונה','https://loremflickr.com/640/480?lock=65009',0,326),(998,'מְזוּקָק פלסטי שולחן','https://loremflickr.com/640/480?lock=21741',0,326),(999,'מדהים פלדה גבינה','https://loremflickr.com/640/480?lock=60914',0,326),(1000,'עבודת יד פלדה בייקון','https://loremflickr.com/640/480?lock=96056',1,327),(1001,'גנרית קפוא כדור','https://loremflickr.com/640/480?lock=92473',0,327),(1002,'מאוד יפה עץ צ\'יפס','https://loremflickr.com/640/480?lock=93345',1,328),(1003,'גנרית גרניט כיסא','https://loremflickr.com/640/480?lock=13439',0,328),(1004,'לא ממותג גומי צ\'יפס','https://loremflickr.com/640/480?lock=96729',0,328),(1005,'מאוד יפה רך טונה','https://loremflickr.com/640/480?lock=8479',0,328),(1006,'פנטסטי גומי מקלדת','https://loremflickr.com/640/480?lock=18405',1,329),(1007,'מעשי צַח גבינה','https://loremflickr.com/640/480?lock=74366',0,329),(1008,'עבודת יד פלדה נקניקיות','https://loremflickr.com/640/480?lock=81712',0,329),(1009,'אינטליגנטי גרניט מקלדת','https://loremflickr.com/640/480?lock=96054',0,329),(1010,'פנטסטי גרניט אוטו','https://loremflickr.com/640/480?lock=88367',0,330),(1011,'גנרית פלסטי מכנסיים','https://loremflickr.com/640/480?lock=23011',0,330),(1012,'עבודת יד רך נקניקיות','https://loremflickr.com/640/480?lock=40744',0,330),(1013,'גנרית בטון צ\'יפס','https://loremflickr.com/640/480?lock=53843',0,330),(1014,'לא ממותג רך מגבות','https://loremflickr.com/640/480?lock=38590',1,331),(1015,'קטן קפוא כפפות','https://loremflickr.com/640/480?lock=83009',0,331),(1016,'ארגונומי גומי מקלדת','https://loremflickr.com/640/480?lock=66419',0,332),(1017,'מאוד יפה כותנה בייקון','https://loremflickr.com/640/480?lock=48781',1,332),(1018,'אינטליגנטי קפוא סבון','https://loremflickr.com/640/480?lock=93523',0,332),(1019,'כפרי עץ כיסא','https://loremflickr.com/640/480?lock=33344',0,332),(1020,'כפרי רך פיצה','https://loremflickr.com/640/480?lock=95040',0,333),(1021,'טעים צַח צ\'יפס','https://loremflickr.com/640/480?lock=95306',1,333),(1022,'גנרית גרניט טונה','https://loremflickr.com/640/480?lock=19432',0,333),(1023,'מורשה פלסטי עוף','https://loremflickr.com/640/480?lock=59254',0,333),(1024,'גנרית גרניט נקניקיות','https://loremflickr.com/640/480?lock=77129',0,334),(1025,'מלוטש רך עוף','https://loremflickr.com/640/480?lock=25609',1,334),(1026,'קטן בטון סלט','https://loremflickr.com/640/480?lock=18206',0,335),(1027,'מעשי גרניט מחשב','https://loremflickr.com/640/480?lock=74780',1,335),(1028,'קטן רך סבון','https://loremflickr.com/640/480?lock=11397',0,335),(1029,'מורשה כותנה שולחן','https://loremflickr.com/640/480?lock=37023',0,335),(1030,'טעים גומי עכבר','https://loremflickr.com/640/480?lock=16253',0,336),(1031,'מאוד יפה צַח כדור','https://loremflickr.com/640/480?lock=32194',0,336),(1032,'לא ממותג גומי נעליים','https://loremflickr.com/640/480?lock=98533',0,336),(1033,'עבודת יד כותנה כיסא','https://loremflickr.com/640/480?lock=71142',0,336),(1034,'ארגונומי גרניט גבינה','https://loremflickr.com/640/480?lock=70987',1,337),(1035,'מלוטש מתכת כיסא','https://loremflickr.com/640/480?lock=96196',0,337),(1036,'מעשי כותנה אופניים','https://loremflickr.com/640/480?lock=52489',0,338),(1037,'מְזוּקָק רך נעליים','https://loremflickr.com/640/480?lock=75250',0,338),(1038,'מדהים גומי אוטו','https://loremflickr.com/640/480?lock=15785',1,338),(1039,'קטן כותנה מגבות','https://loremflickr.com/640/480?lock=28813',1,339),(1040,'גנרית גומי סלט','https://loremflickr.com/640/480?lock=72532',0,339),(1041,'מדהים רך כיסא','https://loremflickr.com/640/480?lock=52774',0,340),(1042,'אינטליגנטי צַח כובע','https://loremflickr.com/640/480?lock=73962',1,340),(1043,'לא ממותג פלסטי אופניים','https://loremflickr.com/640/480?lock=8750',1,341),(1044,'מורשה מתכת סבון','https://loremflickr.com/640/480?lock=36089',0,341);
/*!40000 ALTER TABLE `answer` ENABLE KEYS */;
UNLOCK TABLES;

--
-- Table structure for table `password`
--

DROP TABLE IF EXISTS `password`;
/*!40101 SET @saved_cs_client     = @@character_set_client */;
/*!50503 SET character_set_client = utf8mb4 */;
CREATE TABLE `password` (
  `id` int NOT NULL AUTO_INCREMENT,
  `password` varchar(255) NOT NULL,
  `user_id` int DEFAULT NULL,
  PRIMARY KEY (`id`),
  UNIQUE KEY `REL_4cd77c9b2e2522ee9d3671b3bc` (`user_id`),
  CONSTRAINT `FK_4cd77c9b2e2522ee9d3671b3bc1` FOREIGN KEY (`user_id`) REFERENCES `user` (`id`) ON DELETE CASCADE ON UPDATE CASCADE
) ENGINE=InnoDB AUTO_INCREMENT=11 DEFAULT CHARSET=utf8mb4 COLLATE=utf8mb4_0900_ai_ci;
/*!40101 SET character_set_client = @saved_cs_client */;

--
-- Dumping data for table `password`
--

LOCK TABLES `password` WRITE;
/*!40000 ALTER TABLE `password` DISABLE KEYS */;
INSERT INTO `password` VALUES (1,'$2b$15$.3C0MZoez6GXIR6jyVsZ2OV4NSsR3WagtNEaTdJdwqiLECmotmDLW',1),(2,'$2b$15$efxRc8QsfeuDO3hmycEwXeG5DiQ.t4/5K0bMMVx0bQyh4axWc9sg2',2),(3,'$2b$15$aibLpTB/zi3y2dTqk0c92eTW0xB5CXh1DAGGQ./fThN9k5BIm6h4W',3),(4,'$2b$15$6rXVa1sbF3n9wQixQUFBzuAr9eplKal0jwhfkH.kJYIHscgu/ZCaK',4),(5,'$2b$15$gyJ64JMl.brFqDLuTuJgr.8utt8deEbaefQs0ujaQtKiXlqIq3ruW',5),(6,'$2b$15$TkkD2gyOJdxCxyKScExqp.Nkt7WsXAXRMgQylDu6Uymv/YMwgs22C',6),(7,'$2b$15$ANRSOPt7KWZAVRbKMnOQ.uIdKJMBNpTOTryQ1dIBPAN/ChlBzS442',7),(8,'$2b$15$kcuaHhFHgBh8nEfEjz0fsu6YRmWZlM3AaNwKAiINcVlQTw1//a8Ie',8),(9,'$2b$15$.8qF/l4NvPm.zwvKznTcF.3MNQJD3EGn7dCSLCiVLAJ3RFz8At3v2',9),(10,'$2b$15$xRwPCZGVcyVw0hFeIsIGKOE0g/0brKpP3d9Y4RhyPqK8bqHf.pebS',10);
/*!40000 ALTER TABLE `password` ENABLE KEYS */;
UNLOCK TABLES;

--
-- Table structure for table `question`
--

DROP TABLE IF EXISTS `question`;
/*!40101 SET @saved_cs_client     = @@character_set_client */;
/*!50503 SET character_set_client = utf8mb4 */;
CREATE TABLE `question` (
  `id` int NOT NULL AUTO_INCREMENT,
  `title` varchar(255) NOT NULL,
  `image_url` varchar(255) DEFAULT NULL,
  `quiz_id` int NOT NULL,
  PRIMARY KEY (`id`),
  KEY `FK_aecfc55f7d8e7bb703193e03118` (`quiz_id`),
  CONSTRAINT `FK_aecfc55f7d8e7bb703193e03118` FOREIGN KEY (`quiz_id`) REFERENCES `quiz` (`id`) ON DELETE CASCADE ON UPDATE CASCADE
) ENGINE=InnoDB AUTO_INCREMENT=342 DEFAULT CHARSET=utf8mb4 COLLATE=utf8mb4_0900_ai_ci;
/*!40101 SET character_set_client = @saved_cs_client */;

--
-- Dumping data for table `question`
--

LOCK TABLES `question` WRITE;
/*!40000 ALTER TABLE `question` DISABLE KEYS */;
INSERT INTO `question` VALUES (1,'מלוטש צַח כדור','https://loremflickr.com/640/480?lock=11600',1),(2,'מלוטש עץ סבון','https://loremflickr.com/640/480?lock=72338',1),(3,'מעשי עץ שולחן','https://loremflickr.com/640/480?lock=21785',1),(4,'כפרי כותנה מקלדת','https://loremflickr.com/640/480?lock=35624',1),(5,'ארגונומי רך חולצה','https://loremflickr.com/640/480?lock=12816',1),(6,'אינטליגנטי צַח דג','https://loremflickr.com/640/480?lock=59369',1),(7,'כפרי צַח טונה','https://loremflickr.com/640/480?lock=46900',1),(8,'קטן כותנה מקלדת','https://loremflickr.com/640/480?lock=57265',2),(9,'מעשי קפוא מחשב','https://loremflickr.com/640/480?lock=30297',2),(10,'גנרית פלסטי כדור','https://loremflickr.com/640/480?lock=48372',2),(11,'ארגונומי צַח סלט','https://loremflickr.com/640/480?lock=38904',2),(12,'גנרית מתכת גבינה','https://loremflickr.com/640/480?lock=99181',2),(13,'פנטסטי כותנה דג','https://loremflickr.com/640/480?lock=25816',2),(14,'מורשה צַח אוטו','https://loremflickr.com/640/480?lock=33063',2),(15,'עבודת יד בטון עוף','https://loremflickr.com/640/480?lock=29897',3),(16,'לא ממותג צַח מחשב','https://loremflickr.com/640/480?lock=97266',3),(17,'טעים מתכת דג','https://loremflickr.com/640/480?lock=12845',3),(18,'מורשה קפוא פיצה','https://loremflickr.com/640/480?lock=13308',3),(19,'מלוטש עץ מכנסיים','https://loremflickr.com/640/480?lock=60654',3),(20,'קטן פלסטי מחשב','https://loremflickr.com/640/480?lock=67300',3),(21,'מעשי פלסטי כדור','https://loremflickr.com/640/480?lock=93138',3),(22,'פנטסטי פלסטי מקלדת','https://loremflickr.com/640/480?lock=64319',3),(23,'טעים גרניט אוטו','https://loremflickr.com/640/480?lock=73700',3),(24,'מורשה כותנה צ\'יפס','https://loremflickr.com/640/480?lock=29580',3),(25,'טעים פלדה בייקון','https://loremflickr.com/640/480?lock=18754',4),(26,'כפרי מתכת סלט','https://loremflickr.com/640/480?lock=52648',4),(27,'טעים פלסטי כובע','https://loremflickr.com/640/480?lock=79529',4),(28,'מורשה צַח עכבר','https://loremflickr.com/640/480?lock=70699',4),(29,'טעים כותנה מחשב','https://loremflickr.com/640/480?lock=32053',5),(30,'מדהים כותנה שולחן','https://loremflickr.com/640/480?lock=90511',5),(31,'מעשי גומי כיסא','https://loremflickr.com/640/480?lock=52874',5),(32,'ארגונומי מתכת כדור','https://loremflickr.com/640/480?lock=75026',6),(33,'לא ממותג צַח סלט','https://loremflickr.com/640/480?lock=85889',6),(34,'מעשי כותנה אוטו','https://loremflickr.com/640/480?lock=34405',6),(35,'ארגונומי רך טונה','https://loremflickr.com/640/480?lock=77320',7),(36,'מעשי פלדה נקניקיות','https://loremflickr.com/640/480?lock=69229',7),(37,'טעים פלסטי עכבר','https://loremflickr.com/640/480?lock=87889',7),(38,'קטן בטון כפפות','https://loremflickr.com/640/480?lock=81424',7),(39,'מעשי גומי נקניקיות','https://loremflickr.com/640/480?lock=27937',7),(40,'עבודת יד צַח מכנסיים','https://loremflickr.com/640/480?lock=97982',7),(41,'מלוטש גומי כפפות','https://loremflickr.com/640/480?lock=58232',7),(42,'מדהים גומי טונה','https://loremflickr.com/640/480?lock=97672',7),(43,'לא ממותג גרניט אופניים','https://loremflickr.com/640/480?lock=30757',7),(44,'מדהים גרניט מכנסיים','https://loremflickr.com/640/480?lock=58208',8),(45,'לא ממותג פלדה טונה','https://loremflickr.com/640/480?lock=88987',8),(46,'עבודת יד עץ כיסא','https://loremflickr.com/640/480?lock=21220',8),(47,'ארגונומי כותנה חולצה','https://loremflickr.com/640/480?lock=56358',8),(48,'מלוטש פלדה סבון','https://loremflickr.com/640/480?lock=12907',8),(49,'כפרי גרניט אוטו','https://loremflickr.com/640/480?lock=67685',8),(50,'טעים כותנה טונה','https://loremflickr.com/640/480?lock=85621',8),(51,'מעשי עץ מכנסיים','https://loremflickr.com/640/480?lock=15789',8),(52,'אינטליגנטי פלסטי כיסא','https://loremflickr.com/640/480?lock=97557',9),(53,'לא ממותג פלדה טונה','https://loremflickr.com/640/480?lock=74161',9),(54,'מאוד יפה עץ גבינה','https://loremflickr.com/640/480?lock=1722',9),(55,'מעשי גרניט פיצה','https://loremflickr.com/640/480?lock=77299',9),(56,'גנרית עץ מחשב','https://loremflickr.com/640/480?lock=26895',9),(57,'אינטליגנטי עץ חולצה','https://loremflickr.com/640/480?lock=74378',9),(58,'מורשה מתכת נעליים','https://loremflickr.com/640/480?lock=49155',9),(59,'כפרי בטון פיצה','https://loremflickr.com/640/480?lock=46088',9),(60,'מלוטש בטון כפפות','https://loremflickr.com/640/480?lock=17042',9),(61,'כפרי עץ מכנסיים','https://loremflickr.com/640/480?lock=75255',10),(62,'אינטליגנטי בטון בייקון','https://loremflickr.com/640/480?lock=34435',10),(63,'מעשי פלסטי סבון','https://loremflickr.com/640/480?lock=83390',10),(64,'מְזוּקָק פלסטי בייקון','https://loremflickr.com/640/480?lock=76826',10),(65,'עבודת יד קפוא בייקון','https://loremflickr.com/640/480?lock=67093',10),(66,'גנרית רך כפפות','https://loremflickr.com/640/480?lock=63806',10),(67,'כפרי קפוא פיצה','https://loremflickr.com/640/480?lock=48428',10),(68,'אינטליגנטי כותנה דג','https://loremflickr.com/640/480?lock=92491',11),(69,'אינטליגנטי מתכת כיסא','https://loremflickr.com/640/480?lock=97739',11),(70,'אינטליגנטי מתכת אופניים','https://loremflickr.com/640/480?lock=94042',11),(71,'כפרי מתכת כפפות','https://loremflickr.com/640/480?lock=89940',11),(72,'קטן קפוא נקניקיות','https://loremflickr.com/640/480?lock=47768',11),(73,'מלוטש כותנה כובע','https://loremflickr.com/640/480?lock=85273',12),(74,'ארגונומי מתכת עכבר','https://loremflickr.com/640/480?lock=34742',12),(75,'כפרי גומי כדור','https://loremflickr.com/640/480?lock=57133',12),(76,'מְזוּקָק גומי בייקון','https://loremflickr.com/640/480?lock=65633',12),(77,'לא ממותג בטון כדור','https://loremflickr.com/640/480?lock=28585',12),(78,'עבודת יד עץ אוטו','https://loremflickr.com/640/480?lock=33070',12),(79,'עבודת יד קפוא נעליים','https://loremflickr.com/640/480?lock=47479',12),(80,'לא ממותג פלסטי אוטו','https://loremflickr.com/640/480?lock=98489',12),(81,'מדהים גרניט כיסא','https://loremflickr.com/640/480?lock=21195',12),(82,'טעים גומי כיסא','https://loremflickr.com/640/480?lock=56820',12),(83,'מְזוּקָק רך סלט','https://loremflickr.com/640/480?lock=25111',13),(84,'עבודת יד עץ מכנסיים','https://loremflickr.com/640/480?lock=21058',13),(85,'מדהים מתכת אוטו','https://loremflickr.com/640/480?lock=5937',13),(86,'אינטליגנטי פלסטי כיסא','https://loremflickr.com/640/480?lock=43573',13),(87,'פנטסטי בטון דג','https://loremflickr.com/640/480?lock=6314',13),(88,'כפרי כותנה סבון','https://loremflickr.com/640/480?lock=79660',13),(89,'מדהים גרניט כדור','https://loremflickr.com/640/480?lock=96366',13),(90,'גנרית רך עוף','https://loremflickr.com/640/480?lock=96110',13),(91,'מורשה כותנה מגבות','https://loremflickr.com/640/480?lock=55984',13),(92,'כפרי פלסטי נעליים','https://loremflickr.com/640/480?lock=16665',14),(93,'עבודת יד צַח נעליים','https://loremflickr.com/640/480?lock=81848',14),(94,'מאוד יפה גומי כובע','https://loremflickr.com/640/480?lock=81064',14),(95,'קטן מתכת נקניקיות','https://loremflickr.com/640/480?lock=34972',14),(96,'קטן פלדה חולצה','https://loremflickr.com/640/480?lock=12137',15),(97,'לא ממותג רך בייקון','https://loremflickr.com/640/480?lock=14366',15),(98,'פנטסטי קפוא מקלדת','https://loremflickr.com/640/480?lock=98376',15),(99,'ארגונומי מתכת פיצה','https://loremflickr.com/640/480?lock=74481',15),(100,'מדהים מתכת מקלדת','https://loremflickr.com/640/480?lock=33598',16),(101,'פנטסטי צַח נקניקיות','https://loremflickr.com/640/480?lock=8837',16),(102,'לא ממותג גומי סבון','https://loremflickr.com/640/480?lock=82949',16),(103,'גנרית פלדה טונה','https://loremflickr.com/640/480?lock=91050',16),(104,'כפרי גומי חולצה','https://loremflickr.com/640/480?lock=78808',16),(105,'כפרי גרניט כיסא','https://loremflickr.com/640/480?lock=41139',16),(106,'אינטליגנטי קפוא נעליים','https://loremflickr.com/640/480?lock=18999',16),(107,'כפרי בטון טונה','https://loremflickr.com/640/480?lock=45023',16),(108,'מלוטש פלסטי עוף','https://loremflickr.com/640/480?lock=87703',16),(109,'מעשי כותנה כדור','https://loremflickr.com/640/480?lock=87995',16),(110,'טעים מתכת כדור','https://loremflickr.com/640/480?lock=52075',17),(111,'כפרי בטון טונה','https://loremflickr.com/640/480?lock=79339',17),(112,'מְזוּקָק רך כדור','https://loremflickr.com/640/480?lock=6030',17),(113,'עבודת יד גרניט צ\'יפס','https://loremflickr.com/640/480?lock=52467',17),(114,'מאוד יפה גומי מחשב','https://loremflickr.com/640/480?lock=68074',17),(115,'פנטסטי צַח עוף','https://loremflickr.com/640/480?lock=76634',17),(116,'מאוד יפה קפוא חולצה','https://loremflickr.com/640/480?lock=59195',17),(117,'לא ממותג רך טונה','https://loremflickr.com/640/480?lock=24670',17),(118,'פנטסטי קפוא גבינה','https://loremflickr.com/640/480?lock=69213',17),(119,'מְזוּקָק בטון אופניים','https://loremflickr.com/640/480?lock=28247',18),(120,'לא ממותג עץ כיסא','https://loremflickr.com/640/480?lock=58230',18),(121,'אינטליגנטי צַח סבון','https://loremflickr.com/640/480?lock=79758',18),(122,'קטן צַח כפפות','https://loremflickr.com/640/480?lock=90028',18),(123,'מלוטש פלדה גבינה','https://loremflickr.com/640/480?lock=12047',18),(124,'עבודת יד קפוא סבון','https://loremflickr.com/640/480?lock=68017',18),(125,'פנטסטי צַח עכבר','https://loremflickr.com/640/480?lock=10029',18),(126,'מעשי פלסטי עוף','https://loremflickr.com/640/480?lock=94888',18),(127,'מאוד יפה קפוא פיצה','https://loremflickr.com/640/480?lock=29331',19),(128,'מְזוּקָק בטון עכבר','https://loremflickr.com/640/480?lock=88712',19),(129,'קטן עץ כדור','https://loremflickr.com/640/480?lock=91890',19),(130,'מלוטש מתכת סלט','https://loremflickr.com/640/480?lock=72312',19),(131,'מורשה צַח נעליים','https://loremflickr.com/640/480?lock=62728',19),(132,'ארגונומי קפוא סבון','https://loremflickr.com/640/480?lock=71185',19),(133,'כפרי גומי סבון','https://loremflickr.com/640/480?lock=18523',20),(134,'גנרית גומי עוף','https://loremflickr.com/640/480?lock=67185',20),(135,'מדהים צַח סבון','https://loremflickr.com/640/480?lock=72883',20),(136,'כפרי עץ צ\'יפס','https://loremflickr.com/640/480?lock=16771',20),(137,'מדהים עץ מגבות','https://loremflickr.com/640/480?lock=43447',20),(138,'גנרית רך צ\'יפס','https://loremflickr.com/640/480?lock=94381',21),(139,'פנטסטי פלסטי נקניקיות','https://loremflickr.com/640/480?lock=44382',21),(140,'קטן גומי פיצה','https://loremflickr.com/640/480?lock=28586',21),(141,'מלוטש רך מכנסיים','https://loremflickr.com/640/480?lock=15218',21),(142,'ארגונומי צַח פיצה','https://loremflickr.com/640/480?lock=78863',21),(143,'גנרית צַח גבינה','https://loremflickr.com/640/480?lock=26341',21),(144,'טעים כותנה כובע','https://loremflickr.com/640/480?lock=76126',22),(145,'אינטליגנטי כותנה דג','https://loremflickr.com/640/480?lock=52543',22),(146,'מאוד יפה רך פיצה','https://loremflickr.com/640/480?lock=99170',22),(147,'מלוטש רך עוף','https://loremflickr.com/640/480?lock=49556',22),(148,'מלוטש מתכת חולצה','https://loremflickr.com/640/480?lock=98455',22),(149,'אינטליגנטי קפוא דג','https://loremflickr.com/640/480?lock=18881',23),(150,'אינטליגנטי קפוא מכנסיים','https://loremflickr.com/640/480?lock=96626',23),(151,'מורשה גרניט סבון','https://loremflickr.com/640/480?lock=42787',23),(152,'כפרי קפוא פיצה','https://loremflickr.com/640/480?lock=72847',23),(153,'מאוד יפה גומי מכנסיים','https://loremflickr.com/640/480?lock=88353',23),(154,'מעשי פלדה כדור','https://loremflickr.com/640/480?lock=42088',24),(155,'ארגונומי פלסטי סבון','https://loremflickr.com/640/480?lock=95875',24),(156,'מְזוּקָק גרניט עוף','https://loremflickr.com/640/480?lock=48305',24),(157,'כפרי כותנה כפפות','https://loremflickr.com/640/480?lock=91571',24),(158,'כפרי בטון כיסא','https://loremflickr.com/640/480?lock=63791',24),(159,'כפרי עץ עכבר','https://loremflickr.com/640/480?lock=38078',24),(160,'ארגונומי צַח עכבר','https://loremflickr.com/640/480?lock=70451',25),(161,'טעים פלסטי שולחן','https://loremflickr.com/640/480?lock=17202',25),(162,'מלוטש פלדה חולצה','https://loremflickr.com/640/480?lock=91228',25),(163,'קטן גומי נקניקיות','https://loremflickr.com/640/480?lock=22457',25),(164,'כפרי מתכת דג','https://loremflickr.com/640/480?lock=1389',26),(165,'מְזוּקָק רך פיצה','https://loremflickr.com/640/480?lock=99948',26),(166,'מדהים קפוא נקניקיות','https://loremflickr.com/640/480?lock=95885',26),(167,'מעשי קפוא פיצה','https://loremflickr.com/640/480?lock=96464',26),(168,'ארגונומי צַח בייקון','https://loremflickr.com/640/480?lock=79647',26),(169,'מלוטש צַח נקניקיות','https://loremflickr.com/640/480?lock=45924',26),(170,'מאוד יפה קפוא כובע','https://loremflickr.com/640/480?lock=95934',26),(171,'טעים רך אוטו','https://loremflickr.com/640/480?lock=81548',26),(172,'לא ממותג קפוא נקניקיות','https://loremflickr.com/640/480?lock=38151',26),(173,'מורשה פלדה נקניקיות','https://loremflickr.com/640/480?lock=11881',26),(174,'כפרי פלדה מחשב','https://loremflickr.com/640/480?lock=12055',27),(175,'גנרית גומי פיצה','https://loremflickr.com/640/480?lock=74434',27),(176,'מורשה גומי סבון','https://loremflickr.com/640/480?lock=6596',27),(177,'מדהים רך סבון','https://loremflickr.com/640/480?lock=94386',27),(178,'אינטליגנטי מתכת חולצה','https://loremflickr.com/640/480?lock=8304',27),(179,'מעשי כותנה נקניקיות','https://loremflickr.com/640/480?lock=10480',27),(180,'מעשי בטון טונה','https://loremflickr.com/640/480?lock=33404',27),(181,'מדהים רך גבינה','https://loremflickr.com/640/480?lock=83799',27),(182,'גנרית צַח נקניקיות','https://loremflickr.com/640/480?lock=90639',27),(183,'מְזוּקָק בטון כדור','https://loremflickr.com/640/480?lock=45081',28),(184,'מדהים קפוא מחשב','https://loremflickr.com/640/480?lock=80353',28),(185,'מדהים עץ מחשב','https://loremflickr.com/640/480?lock=98468',28),(186,'מלוטש כותנה חולצה','https://loremflickr.com/640/480?lock=42241',28),(187,'אינטליגנטי עץ מגבות','https://loremflickr.com/640/480?lock=68206',28),(188,'מְזוּקָק גרניט עוף','https://loremflickr.com/640/480?lock=92709',28),(189,'עבודת יד פלסטי אופניים','https://loremflickr.com/640/480?lock=4691',29),(190,'כפרי מתכת מחשב','https://loremflickr.com/640/480?lock=96551',29),(191,'כפרי קפוא מחשב','https://loremflickr.com/640/480?lock=16202',29),(192,'לא ממותג פלדה אופניים','https://loremflickr.com/640/480?lock=62600',29),(193,'עבודת יד רך גבינה','https://loremflickr.com/640/480?lock=34595',29),(194,'מלוטש מתכת כדור','https://loremflickr.com/640/480?lock=92124',29),(195,'ארגונומי עץ סבון','https://loremflickr.com/640/480?lock=2754',29),(196,'טעים מתכת סלט','https://loremflickr.com/640/480?lock=1143',29),(197,'טעים כותנה מכנסיים','https://loremflickr.com/640/480?lock=71948',30),(198,'ארגונומי רך דג','https://loremflickr.com/640/480?lock=16775',30),(199,'לא ממותג פלסטי בייקון','https://loremflickr.com/640/480?lock=52267',30),(200,'מְזוּקָק עץ סבון','https://loremflickr.com/640/480?lock=18429',30),(201,'מְזוּקָק כותנה כדור','https://loremflickr.com/640/480?lock=69846',30),(202,'מלוטש צַח מקלדת','https://loremflickr.com/640/480?lock=60254',30),(203,'מלוטש גרניט צ\'יפס','https://loremflickr.com/640/480?lock=1215',30),(204,'לא ממותג מתכת סבון','https://loremflickr.com/640/480?lock=86917',31),(205,'טעים גרניט נקניקיות','https://loremflickr.com/640/480?lock=90065',31),(206,'עבודת יד כותנה עכבר','https://loremflickr.com/640/480?lock=92361',31),(207,'קטן פלדה נקניקיות','https://loremflickr.com/640/480?lock=12025',31),(208,'גנרית בטון מכנסיים','https://loremflickr.com/640/480?lock=63448',31),(209,'לא ממותג בטון חולצה','https://loremflickr.com/640/480?lock=82833',31),(210,'מעשי בטון נקניקיות','https://loremflickr.com/640/480?lock=40192',31),(211,'עבודת יד כותנה נעליים','https://loremflickr.com/640/480?lock=54723',32),(212,'ארגונומי עץ דג','https://loremflickr.com/640/480?lock=91288',32),(213,'מלוטש מתכת סבון','https://loremflickr.com/640/480?lock=72152',32),(214,'מורשה קפוא מחשב','https://loremflickr.com/640/480?lock=69333',33),(215,'מְזוּקָק צַח אוטו','https://loremflickr.com/640/480?lock=3389',33),(216,'גנרית פלסטי גבינה','https://loremflickr.com/640/480?lock=45261',33),(217,'כפרי פלסטי מחשב','https://loremflickr.com/640/480?lock=98102',33),(218,'לא ממותג מתכת סלט','https://loremflickr.com/640/480?lock=14089',33),(219,'מדהים מתכת מכנסיים','https://loremflickr.com/640/480?lock=90597',33),(220,'כפרי צַח מגבות','https://loremflickr.com/640/480?lock=6929',34),(221,'מאוד יפה עץ בייקון','https://loremflickr.com/640/480?lock=82362',34),(222,'גנרית רך אוטו','https://loremflickr.com/640/480?lock=30390',34),(223,'מורשה גומי כובע','https://loremflickr.com/640/480?lock=913',34),(224,'טעים צַח פיצה','https://loremflickr.com/640/480?lock=72036',34),(225,'מעשי פלסטי גבינה','https://loremflickr.com/640/480?lock=19676',34),(226,'עבודת יד פלסטי כובע','https://loremflickr.com/640/480?lock=92378',34),(227,'כפרי גרניט אופניים','https://loremflickr.com/640/480?lock=27650',34),(228,'אינטליגנטי עץ סלט','https://loremflickr.com/640/480?lock=50869',34),(229,'עבודת יד צַח כפפות','https://loremflickr.com/640/480?lock=62473',34),(230,'מעשי רך טונה','https://loremflickr.com/640/480?lock=45484',35),(231,'אינטליגנטי קפוא דג','https://loremflickr.com/640/480?lock=97909',35),(232,'מורשה מתכת צ\'יפס','https://loremflickr.com/640/480?lock=9298',35),(233,'כפרי מתכת מחשב','https://loremflickr.com/640/480?lock=37522',35),(234,'ארגונומי צַח כפפות','https://loremflickr.com/640/480?lock=37824',35),(235,'מורשה פלדה סבון','https://loremflickr.com/640/480?lock=26151',35),(236,'מאוד יפה פלדה כפפות','https://loremflickr.com/640/480?lock=85394',36),(237,'מעשי רך בייקון','https://loremflickr.com/640/480?lock=9524',36),(238,'מדהים עץ נקניקיות','https://loremflickr.com/640/480?lock=74874',36),(239,'אינטליגנטי קפוא כפפות','https://loremflickr.com/640/480?lock=10150',36),(240,'ארגונומי קפוא כפפות','https://loremflickr.com/640/480?lock=31610',36),(241,'לא ממותג גומי סבון','https://loremflickr.com/640/480?lock=48416',36),(242,'עבודת יד בטון צ\'יפס','https://loremflickr.com/640/480?lock=68972',36),(243,'אינטליגנטי קפוא אוטו','https://loremflickr.com/640/480?lock=1519',36),(244,'גנרית פלדה כדור','https://loremflickr.com/640/480?lock=60582',37),(245,'מְזוּקָק קפוא פיצה','https://loremflickr.com/640/480?lock=19703',37),(246,'קטן צַח נעליים','https://loremflickr.com/640/480?lock=89591',37),(247,'ארגונומי גומי עכבר','https://loremflickr.com/640/480?lock=24180',37),(248,'עבודת יד מתכת שולחן','https://loremflickr.com/640/480?lock=76880',37),(249,'מאוד יפה פלסטי טונה','https://loremflickr.com/640/480?lock=1856',37),(250,'קטן מתכת כיסא','https://loremflickr.com/640/480?lock=52257',37),(251,'מעשי בטון נקניקיות','https://loremflickr.com/640/480?lock=73485',37),(252,'מעשי צַח נקניקיות','https://loremflickr.com/640/480?lock=76265',37),(253,'עבודת יד גרניט פיצה','https://loremflickr.com/640/480?lock=3852',37),(254,'מְזוּקָק פלדה מחשב','https://loremflickr.com/640/480?lock=1255',38),(255,'אינטליגנטי קפוא נעליים','https://loremflickr.com/640/480?lock=91944',38),(256,'מורשה פלסטי מקלדת','https://loremflickr.com/640/480?lock=38360',38),(257,'קטן כותנה טונה','https://loremflickr.com/640/480?lock=65561',38),(258,'מורשה עץ בייקון','https://loremflickr.com/640/480?lock=64543',38),(259,'ארגונומי פלסטי טונה','https://loremflickr.com/640/480?lock=48848',38),(260,'פנטסטי פלדה מגבות','https://loremflickr.com/640/480?lock=66154',38),(261,'מלוטש פלסטי אופניים','https://loremflickr.com/640/480?lock=75251',38),(262,'מדהים מתכת כובע','https://loremflickr.com/640/480?lock=42218',38),(263,'אינטליגנטי פלסטי אוטו','https://loremflickr.com/640/480?lock=33310',38),(264,'מורשה עץ אופניים','https://loremflickr.com/640/480?lock=32501',39),(265,'קטן קפוא נקניקיות','https://loremflickr.com/640/480?lock=30811',39),(266,'לא ממותג קפוא אוטו','https://loremflickr.com/640/480?lock=45648',39),(267,'ארגונומי רך מקלדת','https://loremflickr.com/640/480?lock=89054',39),(268,'אינטליגנטי כותנה כדור','https://loremflickr.com/640/480?lock=80771',39),(269,'מלוטש פלדה שולחן','https://loremflickr.com/640/480?lock=96626',40),(270,'גנרית צַח עכבר','https://loremflickr.com/640/480?lock=57975',40),(271,'אינטליגנטי גרניט מחשב','https://loremflickr.com/640/480?lock=22110',40),(272,'קטן עץ חולצה','https://loremflickr.com/640/480?lock=25260',40),(273,'כפרי פלדה עכבר','https://loremflickr.com/640/480?lock=74024',40),(274,'מעשי בטון עכבר','https://loremflickr.com/640/480?lock=81528',40),(275,'טעים צַח צ\'יפס','https://loremflickr.com/640/480?lock=4625',40),(276,'מעשי פלדה סלט','https://loremflickr.com/640/480?lock=62322',41),(277,'טעים גומי אופניים','https://loremflickr.com/640/480?lock=7905',41),(278,'לא ממותג קפוא כפפות','https://loremflickr.com/640/480?lock=73087',41),(279,'אינטליגנטי עץ גבינה','https://loremflickr.com/640/480?lock=57738',41),(280,'גנרית קפוא אוטו','https://loremflickr.com/640/480?lock=99794',42),(281,'מדהים בטון כפפות','https://loremflickr.com/640/480?lock=31717',42),(282,'עבודת יד כותנה נקניקיות','https://loremflickr.com/640/480?lock=23894',42),(283,'גנרית בטון שולחן','https://loremflickr.com/640/480?lock=59996',42),(284,'מעשי מתכת נעליים','https://loremflickr.com/640/480?lock=57772',42),(285,'מדהים צַח בייקון','https://loremflickr.com/640/480?lock=17555',42),(286,'מורשה רך אופניים','https://loremflickr.com/640/480?lock=88111',42),(287,'טעים בטון מגבות','https://loremflickr.com/640/480?lock=93204',42),(288,'פנטסטי בטון כובע','https://loremflickr.com/640/480?lock=49811',43),(289,'מלוטש בטון בייקון','https://loremflickr.com/640/480?lock=29378',43),(290,'עבודת יד צַח כפפות','https://loremflickr.com/640/480?lock=1893',43),(291,'גנרית פלסטי כיסא','https://loremflickr.com/640/480?lock=2114',43),(292,'אינטליגנטי גומי כדור','https://loremflickr.com/640/480?lock=84629',43),(293,'קטן גרניט אוטו','https://loremflickr.com/640/480?lock=54844',43),(294,'אינטליגנטי כותנה מכנסיים','https://loremflickr.com/640/480?lock=23250',44),(295,'ארגונומי צַח כפפות','https://loremflickr.com/640/480?lock=39020',44),(296,'כפרי מתכת גבינה','https://loremflickr.com/640/480?lock=58988',44),(297,'כפרי פלסטי סבון','https://loremflickr.com/640/480?lock=95991',44),(298,'מלוטש פלסטי בייקון','https://loremflickr.com/640/480?lock=30668',44),(299,'מעשי כותנה סבון','https://loremflickr.com/640/480?lock=24414',44),(300,'ארגונומי גרניט מגבות','https://loremflickr.com/640/480?lock=22247',45),(301,'מדהים גרניט כדור','https://loremflickr.com/640/480?lock=5154',45),(302,'עבודת יד מתכת מחשב','https://loremflickr.com/640/480?lock=10602',45),(303,'מְזוּקָק קפוא כדור','https://loremflickr.com/640/480?lock=94613',45),(304,'גנרית רך גבינה','https://loremflickr.com/640/480?lock=3847',45),(305,'גנרית גרניט סלט','https://loremflickr.com/640/480?lock=1189',45),(306,'עבודת יד מתכת מכנסיים','https://loremflickr.com/640/480?lock=43693',45),(307,'כפרי כותנה סבון','https://loremflickr.com/640/480?lock=81318',46),(308,'פנטסטי גרניט כדור','https://loremflickr.com/640/480?lock=63944',46),(309,'כפרי עץ פיצה','https://loremflickr.com/640/480?lock=99483',46),(310,'טעים גרניט כדור','https://loremflickr.com/640/480?lock=52122',46),(311,'טעים כותנה טונה','https://loremflickr.com/640/480?lock=31183',46),(312,'מורשה גומי אוטו','https://loremflickr.com/640/480?lock=85829',46),(313,'מדהים בטון כפפות','https://loremflickr.com/640/480?lock=20217',46),(314,'קטן רך כובע','https://loremflickr.com/640/480?lock=96812',47),(315,'מלוטש כותנה עוף','https://loremflickr.com/640/480?lock=73697',47),(316,'ארגונומי עץ נעליים','https://loremflickr.com/640/480?lock=16351',47),(317,'ארגונומי קפוא שולחן','https://loremflickr.com/640/480?lock=29965',47),(318,'ארגונומי צַח סבון','https://loremflickr.com/640/480?lock=60881',47),(319,'מעשי גומי דג','https://loremflickr.com/640/480?lock=73733',47),(320,'מורשה קפוא עוף','https://loremflickr.com/640/480?lock=94679',48),(321,'אינטליגנטי בטון בייקון','https://loremflickr.com/640/480?lock=86594',48),(322,'מורשה בטון עכבר','https://loremflickr.com/640/480?lock=33159',48),(323,'אינטליגנטי קפוא כיסא','https://loremflickr.com/640/480?lock=54599',48),(324,'ארגונומי רך מחשב','https://loremflickr.com/640/480?lock=6226',48),(325,'מְזוּקָק פלסטי אופניים','https://loremflickr.com/640/480?lock=77990',48),(326,'ארגונומי בטון מחשב','https://loremflickr.com/640/480?lock=21927',48),(327,'אינטליגנטי צַח טונה','https://loremflickr.com/640/480?lock=22194',48),(328,'מלוטש צַח כדור','https://loremflickr.com/640/480?lock=13626',48),(329,'קטן פלסטי כובע','https://loremflickr.com/640/480?lock=59216',48),(330,'מעשי רך אופניים','https://loremflickr.com/640/480?lock=40005',49),(331,'מורשה רך בייקון','https://loremflickr.com/640/480?lock=35416',49),(332,'מלוטש צַח אוטו','https://loremflickr.com/640/480?lock=39666',49),(333,'כפרי גרניט חולצה','https://loremflickr.com/640/480?lock=13497',50),(334,'קטן בטון כובע','https://loremflickr.com/640/480?lock=51321',50),(335,'מאוד יפה רך עכבר','https://loremflickr.com/640/480?lock=82491',50),(336,'מאוד יפה רך סלט','https://loremflickr.com/640/480?lock=38969',50),(337,'מאוד יפה עץ דג','https://loremflickr.com/640/480?lock=12289',50),(338,'גנרית עץ כיסא','https://loremflickr.com/640/480?lock=7183',50),(339,'אינטליגנטי כותנה אוטו','https://loremflickr.com/640/480?lock=61383',50),(340,'מעשי מתכת נקניקיות','https://loremflickr.com/640/480?lock=2408',50),(341,'מורשה כותנה כיסא','https://loremflickr.com/640/480?lock=8042',50);
/*!40000 ALTER TABLE `question` ENABLE KEYS */;
UNLOCK TABLES;

--
-- Table structure for table `quiz`
--

DROP TABLE IF EXISTS `quiz`;
/*!40101 SET @saved_cs_client     = @@character_set_client */;
/*!50503 SET character_set_client = utf8mb4 */;
CREATE TABLE `quiz` (
  `id` int NOT NULL AUTO_INCREMENT,
  `title` varchar(255) NOT NULL,
  `description` text NOT NULL,
  `image_url` varchar(255) DEFAULT NULL,
  `creator_id` int NOT NULL,
  PRIMARY KEY (`id`),
  KEY `FK_5716583af6b99b4aedef89a4bb6` (`creator_id`),
  CONSTRAINT `FK_5716583af6b99b4aedef89a4bb6` FOREIGN KEY (`creator_id`) REFERENCES `user` (`id`) ON DELETE CASCADE ON UPDATE CASCADE
) ENGINE=InnoDB AUTO_INCREMENT=51 DEFAULT CHARSET=utf8mb4 COLLATE=utf8mb4_0900_ai_ci;
/*!40101 SET character_set_client = @saved_cs_client */;

--
-- Dumping data for table `quiz`
--

LOCK TABLES `quiz` WRITE;
/*!40000 ALTER TABLE `quiz` DISABLE KEYS */;
INSERT INTO `quiz` VALUES (1,'פנטסטי מתכת שולחן','אפולוטק B340 הוא עכבר אלחוטי במחיר סביר עם קישוריות אמינה, חיי סוללה של 12 חודשים ועיצוב מודרני','https://loremflickr.com/640/480?lock=70127',1),(2,'כפרי בטון מכנסיים','אפולוטק B340 הוא עכבר אלחוטי במחיר סביר עם קישוריות אמינה, חיי סוללה של 12 חודשים ועיצוב מודרני','https://loremflickr.com/640/480?lock=45267',1),(3,'ארגונומי גומי אוטו','אפולוטק B340 הוא עכבר אלחוטי במחיר סביר עם קישוריות אמינה, חיי סוללה של 12 חודשים ועיצוב מודרני','https://loremflickr.com/640/480?lock=60007',1),(4,'מְזוּקָק פלדה סלט','חדש ABC 13 9370, 13.3, דור 5 CoreA5-8250U, 8GB RAM, 256GB SSD, כוח UHD גרפיקה, OS 10 Home, OS Office A & J 2016','https://loremflickr.com/640/480?lock=68868',1),(5,'אינטליגנטי עץ חולצה','המגוון היפה של תפוח נטורל שיש בו שילוב מרגש של מרכיבים טבעיים. עם הטוב של 100% מרכיבים טבעיים','https://loremflickr.com/640/480?lock=58021',1),(6,'מְזוּקָק פלסטי דג','חדש ABC 13 9370, 13.3, דור 5 CoreA5-8250U, 8GB RAM, 256GB SSD, כוח UHD גרפיקה, OS 10 Home, OS Office A & J 2016','https://loremflickr.com/640/480?lock=92838',2),(7,'פנטסטי פלסטי דג','אפולוטק B340 הוא עכבר אלחוטי במחיר סביר עם קישוריות אמינה, חיי סוללה של 12 חודשים ועיצוב מודרני','https://loremflickr.com/640/480?lock=326',2),(8,'מאוד יפה בטון אופניים','חדש ABC 13 9370, 13.3, דור 5 CoreA5-8250U, 8GB RAM, 256GB SSD, כוח UHD גרפיקה, OS 10 Home, OS Office A & J 2016','https://loremflickr.com/640/480?lock=91840',2),(9,'מְזוּקָק רך עוף','כסא מנהלים ארגונומי מרופד בעור שחור מלוכדות ובמושב ובגב מרופד PVC לנוחות ותמיכה לאורך כל היום','https://loremflickr.com/640/480?lock=29016',2),(10,'גנרית גרניט טונה','אפולוטק B340 הוא עכבר אלחוטי במחיר סביר עם קישוריות אמינה, חיי סוללה של 12 חודשים ועיצוב מודרני','https://loremflickr.com/640/480?lock=97814',2),(11,'אינטליגנטי בטון כדור','נעלי אנדי נועדו לזכור עמידות כמו גם טרנדים, מגוון הנעליים והסנדלים המסוגננים ביותר','https://loremflickr.com/640/480?lock=35729',3),(12,'עבודת יד גומי כובע','המגוון היפה של תפוח נטורל שיש בו שילוב מרגש של מרכיבים טבעיים. עם הטוב של 100% מרכיבים טבעיים','https://loremflickr.com/640/480?lock=52708',3),(13,'מורשה פלסטי מגבות','נאגסאקי לנדר הוא השם המסחרי המסחרי של מספר סדרות של אופני ספורט נגסאקי, שהחלו ב- ABC800J משנת 1984','https://loremflickr.com/640/480?lock=34779',3),(14,'מְזוּקָק צַח כובע','כסא מנהלים ארגונומי מרופד בעור שחור מלוכדות ובמושב ובגב מרופד PVC לנוחות ותמיכה לאורך כל היום','https://loremflickr.com/640/480?lock=95195',3),(15,'פנטסטי קפוא אופניים','מגוון חדש של חולצות רשמיות מעוצבות תוך התחשבות בך. עם התאמות ועיצוב שיגרמו לך להתבלט','https://loremflickr.com/640/480?lock=29172',3),(16,'עבודת יד גומי נעליים','מקלדת מייפל גיימינג דקה ופשוטה מבית Dev Byte מגיעה עם גוף אלגנטי ותאורת RGB LED בגוון 7 צבעים לפונקציונליות חכמה','https://loremflickr.com/640/480?lock=73398',4),(17,'מְזוּקָק מתכת צ\'יפס','מערך הרכב מורכב מעיצוב מנוע קדמי, עם תיבות הילוכים מסוג ציר טרנסוולר המותקנות בחלק האחורי של המנוע והנעה עם ארבעה גלגלים','https://loremflickr.com/640/480?lock=19867',4),(18,'מדהים רך כובע','אפולוטק B340 הוא עכבר אלחוטי במחיר סביר עם קישוריות אמינה, חיי סוללה של 12 חודשים ועיצוב מודרני','https://loremflickr.com/640/480?lock=24856',4),(19,'מורשה בטון נקניקיות','נאגסאקי לנדר הוא השם המסחרי המסחרי של מספר סדרות של אופני ספורט נגסאקי, שהחלו ב- ABC800J משנת 1984','https://loremflickr.com/640/480?lock=47522',4),(20,'מעשי צַח שולחן','חדש ABC 13 9370, 13.3, דור 5 CoreA5-8250U, 8GB RAM, 256GB SSD, כוח UHD גרפיקה, OS 10 Home, OS Office A & J 2016','https://loremflickr.com/640/480?lock=38719',4),(21,'לא ממותג רך אוטו','מקלדת מייפל גיימינג דקה ופשוטה מבית Dev Byte מגיעה עם גוף אלגנטי ותאורת RGB LED בגוון 7 צבעים לפונקציונליות חכמה','https://loremflickr.com/640/480?lock=55291',5),(22,'ארגונומי קפוא פיצה','מגוון חדש של חולצות רשמיות מעוצבות תוך התחשבות בך. עם התאמות ועיצוב שיגרמו לך להתבלט','https://loremflickr.com/640/480?lock=3839',5),(23,'טעים פלסטי סבון','אפולוטק B340 הוא עכבר אלחוטי במחיר סביר עם קישוריות אמינה, חיי סוללה של 12 חודשים ועיצוב מודרני','https://loremflickr.com/640/480?lock=9148',5),(24,'טעים רך אופניים','אפולוטק B340 הוא עכבר אלחוטי במחיר סביר עם קישוריות אמינה, חיי סוללה של 12 חודשים ועיצוב מודרני','https://loremflickr.com/640/480?lock=7588',5),(25,'לא ממותג פלדה בייקון','מערך הרכב מורכב מעיצוב מנוע קדמי, עם תיבות הילוכים מסוג ציר טרנסוולר המותקנות בחלק האחורי של המנוע והנעה עם ארבעה גלגלים','https://loremflickr.com/640/480?lock=29809',5),(26,'מְזוּקָק גרניט מגבות','כסא מנהלים ארגונומי מרופד בעור שחור מלוכדות ובמושב ובגב מרופד PVC לנוחות ותמיכה לאורך כל היום','https://loremflickr.com/640/480?lock=28867',6),(27,'מאוד יפה צַח אוטו','נאגסאקי לנדר הוא השם המסחרי המסחרי של מספר סדרות של אופני ספורט נגסאקי, שהחלו ב- ABC800J משנת 1984','https://loremflickr.com/640/480?lock=30049',6),(28,'מדהים כותנה עכבר','המגוון היפה של תפוח נטורל שיש בו שילוב מרגש של מרכיבים טבעיים. עם הטוב של 100% מרכיבים טבעיים','https://loremflickr.com/640/480?lock=48583',6),(29,'כפרי קפוא כובע','טכנולוגיית שחיקת הדחיסה המתקדמת ביותר של בוסטון מגבירה את החמצון בשרירים, מייצבת שרירים פעילים','https://loremflickr.com/640/480?lock=79975',6),(30,'קטן פלסטי פיצה','חדש ABC 13 9370, 13.3, דור 5 CoreA5-8250U, 8GB RAM, 256GB SSD, כוח UHD גרפיקה, OS 10 Home, OS Office A & J 2016','https://loremflickr.com/640/480?lock=57516',6),(31,'מלוטש בטון מחשב','אפולוטק B340 הוא עכבר אלחוטי במחיר סביר עם קישוריות אמינה, חיי סוללה של 12 חודשים ועיצוב מודרני','https://loremflickr.com/640/480?lock=31371',7),(32,'מעשי בטון אוטו','מגוון חדש של חולצות רשמיות מעוצבות תוך התחשבות בך. עם התאמות ועיצוב שיגרמו לך להתבלט','https://loremflickr.com/640/480?lock=90667',7),(33,'מלוטש גומי טונה','מקלדת מייפל גיימינג דקה ופשוטה מבית Dev Byte מגיעה עם גוף אלגנטי ותאורת RGB LED בגוון 7 צבעים לפונקציונליות חכמה','https://loremflickr.com/640/480?lock=45361',7),(34,'אינטליגנטי גומי אוטו','אפולוטק B340 הוא עכבר אלחוטי במחיר סביר עם קישוריות אמינה, חיי סוללה של 12 חודשים ועיצוב מודרני','https://loremflickr.com/640/480?lock=26653',7),(35,'לא ממותג רך עכבר','נעלי אנדי נועדו לזכור עמידות כמו גם טרנדים, מגוון הנעליים והסנדלים המסוגננים ביותר','https://loremflickr.com/640/480?lock=89431',7),(36,'כפרי גרניט אופניים','נאגסאקי לנדר הוא השם המסחרי המסחרי של מספר סדרות של אופני ספורט נגסאקי, שהחלו ב- ABC800J משנת 1984','https://loremflickr.com/640/480?lock=69684',8),(37,'קטן גומי עוף','מערך הרכב מורכב מעיצוב מנוע קדמי, עם תיבות הילוכים מסוג ציר טרנסוולר המותקנות בחלק האחורי של המנוע והנעה עם ארבעה גלגלים','https://loremflickr.com/640/480?lock=22009',8),(38,'טעים גומי טונה','טכנולוגיית שחיקת הדחיסה המתקדמת ביותר של בוסטון מגבירה את החמצון בשרירים, מייצבת שרירים פעילים','https://loremflickr.com/640/480?lock=10512',8),(39,'מלוטש קפוא שולחן','אפולוטק B340 הוא עכבר אלחוטי במחיר סביר עם קישוריות אמינה, חיי סוללה של 12 חודשים ועיצוב מודרני','https://loremflickr.com/640/480?lock=41375',8),(40,'מורשה בטון אוטו','כסא מנהלים ארגונומי מרופד בעור שחור מלוכדות ובמושב ובגב מרופד PVC לנוחות ותמיכה לאורך כל היום','https://loremflickr.com/640/480?lock=27310',8),(41,'ארגונומי בטון טונה','אפולוטק B340 הוא עכבר אלחוטי במחיר סביר עם קישוריות אמינה, חיי סוללה של 12 חודשים ועיצוב מודרני','https://loremflickr.com/640/480?lock=48874',9),(42,'גנרית עץ מגבות','הכדורגל טוב לאימונים ולמטרות פנאי','https://loremflickr.com/640/480?lock=55042',9),(43,'מדהים צַח נקניקיות','נאגסאקי לנדר הוא השם המסחרי המסחרי של מספר סדרות של אופני ספורט נגסאקי, שהחלו ב- ABC800J משנת 1984','https://loremflickr.com/640/480?lock=14525',9),(44,'מְזוּקָק גרניט מגבות','מגוון חדש של חולצות רשמיות מעוצבות תוך התחשבות בך. עם התאמות ועיצוב שיגרמו לך להתבלט','https://loremflickr.com/640/480?lock=49809',9),(45,'קטן גרניט אוטו','נאגסאקי לנדר הוא השם המסחרי המסחרי של מספר סדרות של אופני ספורט נגסאקי, שהחלו ב- ABC800J משנת 1984','https://loremflickr.com/640/480?lock=29433',9),(46,'מְזוּקָק מתכת צ\'יפס','הכדורגל טוב לאימונים ולמטרות פנאי','https://loremflickr.com/640/480?lock=11977',10),(47,'מדהים צַח בייקון','מגוון חדש של חולצות רשמיות מעוצבות תוך התחשבות בך. עם התאמות ועיצוב שיגרמו לך להתבלט','https://loremflickr.com/640/480?lock=74022',10),(48,'מדהים פלסטי מגבות','המגוון היפה של תפוח נטורל שיש בו שילוב מרגש של מרכיבים טבעיים. עם הטוב של 100% מרכיבים טבעיים','https://loremflickr.com/640/480?lock=56500',10),(49,'מלוטש עץ גבינה','טכנולוגיית שחיקת הדחיסה המתקדמת ביותר של בוסטון מגבירה את החמצון בשרירים, מייצבת שרירים פעילים','https://loremflickr.com/640/480?lock=10705',10),(50,'מורשה בטון עוף','המגוון היפה של תפוח נטורל שיש בו שילוב מרגש של מרכיבים טבעיים. עם הטוב של 100% מרכיבים טבעיים','https://loremflickr.com/640/480?lock=25585',10);
/*!40000 ALTER TABLE `quiz` ENABLE KEYS */;
UNLOCK TABLES;

--
-- Table structure for table `score`
--

DROP TABLE IF EXISTS `score`;
/*!40101 SET @saved_cs_client     = @@character_set_client */;
/*!50503 SET character_set_client = utf8mb4 */;
CREATE TABLE `score` (
  `id` int NOT NULL AUTO_INCREMENT,
  `score` int NOT NULL,
  `date` datetime(6) NOT NULL DEFAULT CURRENT_TIMESTAMP(6),
  `player` varchar(255) NOT NULL,
  `quiz_id` int NOT NULL,
  PRIMARY KEY (`id`),
  KEY `FK_3f8f22210586c69c9af89b4f8e6` (`quiz_id`),
  CONSTRAINT `FK_3f8f22210586c69c9af89b4f8e6` FOREIGN KEY (`quiz_id`) REFERENCES `quiz` (`id`) ON DELETE CASCADE ON UPDATE CASCADE
) ENGINE=InnoDB AUTO_INCREMENT=448 DEFAULT CHARSET=utf8mb4 COLLATE=utf8mb4_0900_ai_ci;
/*!40101 SET character_set_client = @saved_cs_client */;

--
-- Dumping data for table `score`
--

LOCK TABLES `score` WRITE;
/*!40000 ALTER TABLE `score` DISABLE KEYS */;
INSERT INTO `score` VALUES (1,48,'2023-03-09 12:53:07.791658','גילי שפע',1),(2,81,'2023-03-09 12:53:07.801067','קורל דרומי',1),(3,86,'2023-03-09 12:53:07.804946','ד\"ר דניאלה זכאי I',1),(4,23,'2023-03-09 12:53:07.808547','דורין שלומי',1),(5,24,'2023-03-09 12:53:07.810608','\'פרופ ליאן חרותי MD',1),(6,35,'2023-03-09 12:53:07.813455','דוד אסא',2),(7,0,'2023-03-09 12:53:07.815632','יותם אבן Sr.',2),(8,46,'2023-03-09 12:53:07.817863','ניסן חלד',2),(9,39,'2023-03-09 12:53:07.819928','יחזקאל כנעני PhD',2),(10,26,'2023-03-09 12:53:07.822233','אניעם אתגר',2),(11,56,'2023-03-09 12:53:07.824382','גברת גור שלם',2),(12,93,'2023-03-09 12:53:07.826691','גלי עמיאל',2),(13,43,'2023-03-09 12:53:07.828824','אלקנה גבעול',3),(14,78,'2023-03-09 12:53:07.832402','סיני סבוראי',3),(15,7,'2023-03-09 12:53:07.836274','לילי גזית',3),(16,8,'2023-03-09 12:53:07.839267','ד\"ר תומר ברעוז',3),(17,71,'2023-03-09 12:53:07.841275','רם זרטל',3),(18,45,'2023-03-09 12:53:07.843220','יוחאי מזל',3),(19,56,'2023-03-09 12:53:07.845075','שירי שגב',3),(20,100,'2023-03-09 12:53:07.847694','ד\"ר רעות לאור',3),(21,20,'2023-03-09 12:53:07.849708','גברת דנה זכאי',3),(22,36,'2023-03-09 12:53:07.851763','ג\'ון רמתי',4),(23,85,'2023-03-09 12:53:07.853799','עדי ירון',4),(24,46,'2023-03-09 12:53:07.855847','עדן פרוש',4),(25,100,'2023-03-09 12:53:07.857749','שני זמורה',4),(26,88,'2023-03-09 12:53:07.859564','יורם פולני',4),(27,42,'2023-03-09 12:53:07.861356','דניאל אהרוני',4),(28,7,'2023-03-09 12:53:07.864277','גברת דגן בן חנן',4),(29,20,'2023-03-09 12:53:07.866957','רימון בן פורת',4),(30,2,'2023-03-09 12:53:07.869598','יניב גזית',4),(31,36,'2023-03-09 12:53:07.871491','אבירן ברלב',4),(32,57,'2023-03-09 12:53:07.874111','ליזה סער',4),(33,71,'2023-03-09 12:53:07.876057','ד\"ר אביטל גודר',4),(34,26,'2023-03-09 12:53:07.877832','עו\"ד כפיר ירדני',5),(35,86,'2023-03-09 12:53:07.880507','גילי לבנון',5),(36,95,'2023-03-09 12:53:07.882615','אלירז תרשיש',5),(37,26,'2023-03-09 12:53:07.884725','יהונתן קצין',5),(38,78,'2023-03-09 12:53:07.886909','ד\"ר אליאנה תאומים',6),(39,18,'2023-03-09 12:53:07.889242','שיראל בן גל',6),(40,24,'2023-03-09 12:53:07.891251','יורם פרימור',6),(41,43,'2023-03-09 12:53:07.893313','ד\"ר גאיה גליל MD',6),(42,37,'2023-03-09 12:53:07.896484','סתיו גרא',6),(43,18,'2023-03-09 12:53:07.898866','גוני גבאי',6),(44,55,'2023-03-09 12:53:07.901215','גברת סמדר ברזילי',6),(45,56,'2023-03-09 12:53:07.903092','חנן אסף',6),(46,29,'2023-03-09 12:53:07.905038','סשה גילון',6),(47,21,'2023-03-09 12:53:07.906982','שני צוריאל',6),(48,16,'2023-03-09 12:53:07.908856','ד\"ר ברק להב',6),(49,30,'2023-03-09 12:53:07.910714','דגן קישון',6),(50,98,'2023-03-09 12:53:07.913217','אימרי פולני',6),(51,93,'2023-03-09 12:53:07.915296','רעי גורלי Sr.',6),(52,88,'2023-03-09 12:53:07.917128','אדם בן גרא',6),(53,46,'2023-03-09 12:53:07.918945','אליאס שםטוב',7),(54,81,'2023-03-09 12:53:07.920859','אבשלום ארד',7),(55,90,'2023-03-09 12:53:07.922634','תבור בנימיני',7),(56,71,'2023-03-09 12:53:07.924625','צח לבבי',7),(57,43,'2023-03-09 12:53:07.927813','נוב דותן IV',7),(58,58,'2023-03-09 12:53:07.930307','דביר מורשת PhD',7),(59,37,'2023-03-09 12:53:07.932488','עלמא ידיד III',7),(60,73,'2023-03-09 12:53:07.934297','נריה חרותי',7),(61,25,'2023-03-09 12:53:07.936098','אימרי רועה',7),(62,13,'2023-03-09 12:53:07.938038','עפרה שמחי',7),(63,86,'2023-03-09 12:53:07.939855','איב סדן',7),(64,19,'2023-03-09 12:53:07.941775','דניאל גפני',7),(65,65,'2023-03-09 12:53:07.943976','ד\"ר שיר שבח',8),(66,33,'2023-03-09 12:53:07.947300','שחף שגב',8),(67,6,'2023-03-09 12:53:07.954458','גאיה פרץ',8),(68,24,'2023-03-09 12:53:07.957414','יוכבד לוטן IV',8),(69,14,'2023-03-09 12:53:07.960001','גברת אילון פדהצור',8),(70,34,'2023-03-09 12:53:07.962825','עופרי בן III',8),(71,9,'2023-03-09 12:53:07.964664','עו\"ד יחזקאל איש כסית',8),(72,28,'2023-03-09 12:53:07.966388','קמה אליקים',8),(73,57,'2023-03-09 12:53:07.968168','עופרי חת',9),(74,77,'2023-03-09 12:53:07.970019','איב אלישיב',9),(75,50,'2023-03-09 12:53:07.971830','מר כרם מאיר מיבר',9),(76,44,'2023-03-09 12:53:07.973530','אוריה איתם',10),(77,39,'2023-03-09 12:53:07.975250','נועם הרטוב',10),(78,20,'2023-03-09 12:53:07.977090','ימית יוסף',10),(79,14,'2023-03-09 12:53:07.978781','שקד יער',10),(80,73,'2023-03-09 12:53:07.981219','גוני יאיר',10),(81,83,'2023-03-09 12:53:07.983356','מר תקווה גינת MD',10),(82,10,'2023-03-09 12:53:07.985665','רביד עובדיה',10),(83,11,'2023-03-09 12:53:07.988629','זוהר ברוך II',10),(84,32,'2023-03-09 12:53:07.991176','לירון טלמור',10),(85,83,'2023-03-09 12:53:07.993962','\'פרופ אמור עמירן',11),(86,10,'2023-03-09 12:53:07.996425','\'פרופ צליל תל צור',11),(87,43,'2023-03-09 12:53:07.998258','לוטן גודר',11),(88,59,'2023-03-09 12:53:08.000106','ערגה מעייני',11),(89,99,'2023-03-09 12:53:08.001823','ליאורה ישראל',11),(90,42,'2023-03-09 12:53:08.003670','גוון הר שפי',11),(91,69,'2023-03-09 12:53:08.005396','דורין שלו',11),(92,68,'2023-03-09 12:53:08.007113','אור בן ברק',11),(93,51,'2023-03-09 12:53:08.009042','פלא אסא',11),(94,1,'2023-03-09 12:53:08.011026','\'פרופ אלרועי כנען',11),(95,27,'2023-03-09 12:53:08.012850','דורין ב׳׳ק',11),(96,61,'2023-03-09 12:53:08.014616','נילי בן חיים',11),(97,0,'2023-03-09 12:53:08.017270','פלא דן',11),(98,67,'2023-03-09 12:53:08.020483','ינון בראון Jr.',12),(99,7,'2023-03-09 12:53:08.023968','עלמא אבן חן',12),(100,61,'2023-03-09 12:53:08.027237','דגנית חפץ',12),(101,56,'2023-03-09 12:53:08.029283','רגב ברהלל',12),(102,74,'2023-03-09 12:53:08.031407','קורין יוסף',13),(103,47,'2023-03-09 12:53:08.033233','אווה בן זכאי',13),(104,87,'2023-03-09 12:53:08.035078','לידור ברלב',13),(105,35,'2023-03-09 12:53:08.036792','ליאור שאלתיאל Jr.',13),(106,37,'2023-03-09 12:53:08.038566','זיו שקד',13),(107,97,'2023-03-09 12:53:08.040330','יאן בן',13),(108,42,'2023-03-09 12:53:08.042094','יהל דרורי',13),(109,33,'2023-03-09 12:53:08.043753','דניאל הראובני',13),(110,73,'2023-03-09 12:53:08.045505','גברת כליל הרפז DDS',13),(111,6,'2023-03-09 12:53:08.047223','נוי בר יהודה',13),(112,1,'2023-03-09 12:53:08.048843','ולדימיר גפני',13),(113,82,'2023-03-09 12:53:08.050633','רון אדר',13),(114,24,'2023-03-09 12:53:08.053932','ד\"ר קמה יובל',13),(115,26,'2023-03-09 12:53:08.056188','ארטיום בן גל',14),(116,19,'2023-03-09 12:53:08.058742','ד\"ר אודיה זמרי',14),(117,37,'2023-03-09 12:53:08.060542','ראם בנאי',14),(118,87,'2023-03-09 12:53:08.062502','ברי פת',14),(119,9,'2023-03-09 12:53:08.064705','כרם אליעז',14),(120,85,'2023-03-09 12:53:08.066503','מר ניתאי אסף',14),(121,93,'2023-03-09 12:53:08.068226','נרי תירוש MD',14),(122,64,'2023-03-09 12:53:08.070000','עו\"ד גיל זזאב',14),(123,92,'2023-03-09 12:53:08.077554','הראל רמון',14),(124,83,'2023-03-09 12:53:08.079574','מר נטע איתן V',14),(125,26,'2023-03-09 12:53:08.082269','גברת כרם מערבי',14),(126,5,'2023-03-09 12:53:08.085986','ניתאי אהרן',14),(127,33,'2023-03-09 12:53:08.088926','בלה אדר',15),(128,99,'2023-03-09 12:53:08.090710','מגל פרוש',15),(129,17,'2023-03-09 12:53:08.092575','עו\"ד אן בן צבי',15),(130,59,'2023-03-09 12:53:08.094910','ברוך ארידור',15),(131,81,'2023-03-09 12:53:08.098206','איתמר קדמי',16),(132,13,'2023-03-09 12:53:08.100699','עו\"ד בל תקווה',16),(133,12,'2023-03-09 12:53:08.102582','מנחם ישורון',16),(134,74,'2023-03-09 12:53:08.105272','יהלום זכאי',16),(135,92,'2023-03-09 12:53:08.107290','ד\"ר נהוראי חכם V',16),(136,69,'2023-03-09 12:53:08.109333','ד\"ר סטפן עובד',16),(137,18,'2023-03-09 12:53:08.111395','ישי כפרי',16),(138,90,'2023-03-09 12:53:08.114150','גילת ורד',16),(139,56,'2023-03-09 12:53:08.116737','אפרת מערבי',16),(140,88,'2023-03-09 12:53:08.119310','ארז גנור',16),(141,15,'2023-03-09 12:53:08.121127','חן לאור',16),(142,14,'2023-03-09 12:53:08.122971','דגן אלעד',16),(143,40,'2023-03-09 12:53:08.124931','זיו זורע',16),(144,74,'2023-03-09 12:53:08.127355','גיל אריכא III',16),(145,98,'2023-03-09 12:53:08.129809','כרמי ירושלמי',16),(146,71,'2023-03-09 12:53:08.131874','אליאס בן נחום',17),(147,99,'2023-03-09 12:53:08.133870','דורית ורד',17),(148,72,'2023-03-09 12:53:08.135926','דנית מנשה',17),(149,27,'2023-03-09 12:53:08.137992','גברת צופיה גור אריה',17),(150,64,'2023-03-09 12:53:08.139764','רגב ברזילי',17),(151,36,'2023-03-09 12:53:08.141484','עו\"ד אביתר ארנון I',17),(152,58,'2023-03-09 12:53:08.143445','ד\"ר שי לי שלג',17),(153,88,'2023-03-09 12:53:08.146487','שילה בית יוסף',17),(154,42,'2023-03-09 12:53:08.148874','רוני שקדי',17),(155,64,'2023-03-09 12:53:08.151087','אודיה בן שאול',18),(156,66,'2023-03-09 12:53:08.152711','אורטל שריד',18),(157,45,'2023-03-09 12:53:08.154393','יעקב ברקן',18),(158,18,'2023-03-09 12:53:08.156273','שקד ברושי',18),(159,0,'2023-03-09 12:53:08.158383','עו\"ד גיורא נאור',18),(160,4,'2023-03-09 12:53:08.160159','לירז ברקת',19),(161,0,'2023-03-09 12:53:08.162205','ד\"ר לירן יששכר',19),(162,43,'2023-03-09 12:53:08.164200','ליאל קנת',19),(163,95,'2023-03-09 12:53:08.166004','בר יהלום',19),(164,86,'2023-03-09 12:53:08.167757','דנה גידור',19),(165,6,'2023-03-09 12:53:08.169430','אפיק רן',19),(166,94,'2023-03-09 12:53:08.171155','\'פרופ אלדד שםטוב',20),(167,44,'2023-03-09 12:53:08.172882','אדל קישון',20),(168,42,'2023-03-09 12:53:08.175959','יהונתן קשתי',20),(169,84,'2023-03-09 12:53:08.178748','אדווה בארי',20),(170,57,'2023-03-09 12:53:08.182021','גברת דן כפרי',20),(171,4,'2023-03-09 12:53:08.184575','דנית מעוז',20),(172,82,'2023-03-09 12:53:08.187110','יניב מורג',20),(173,59,'2023-03-09 12:53:08.189578','מר קסניה שילה',20),(174,69,'2023-03-09 12:53:08.192232','גוני רווה',20),(175,69,'2023-03-09 12:53:08.194448','אנאבל אבני',20),(176,61,'2023-03-09 12:53:08.197327','יששכר חן',20),(177,25,'2023-03-09 12:53:08.199851','תומר ידין DDS',20),(178,22,'2023-03-09 12:53:08.202409','תאנה גולן',20),(179,57,'2023-03-09 12:53:08.205256','יותם יובל',20),(180,42,'2023-03-09 12:53:08.209313','יוחאי זבולון',21),(181,19,'2023-03-09 12:53:08.215156','ד\"ר יניב בן שלום',21),(182,71,'2023-03-09 12:53:08.217990','איתם חרותי IV',21),(183,95,'2023-03-09 12:53:08.220185','עו\"ד אביאל בראון',21),(184,52,'2023-03-09 12:53:08.221923','אחיה זר',21),(185,59,'2023-03-09 12:53:08.223760','סביון תירוש',21),(186,79,'2023-03-09 12:53:08.225565','צוף לוי נחום',21),(187,77,'2023-03-09 12:53:08.227373','אמנון רווה',21),(188,59,'2023-03-09 12:53:08.229379','עו\"ד עמית אדוני',22),(189,47,'2023-03-09 12:53:08.231377','דינה ניצן',22),(190,97,'2023-03-09 12:53:08.233188','קליה שרון',22),(191,95,'2023-03-09 12:53:08.234966','איב נחושתן',22),(192,28,'2023-03-09 12:53:08.236740','ד\"ר ניסן ברוך DVM',22),(193,49,'2023-03-09 12:53:08.239357','ליב הלוי',22),(194,86,'2023-03-09 12:53:08.242035','\'פרופ הדסה אבישר',22),(195,59,'2023-03-09 12:53:08.244216','ערן מזר',22),(196,74,'2023-03-09 12:53:08.247095','בת תקוע',22),(197,90,'2023-03-09 12:53:08.249141','כרמל קדר',22),(198,12,'2023-03-09 12:53:08.251214','נטלי מאירי',22),(199,29,'2023-03-09 12:53:08.253247','פלא אגוז',22),(200,17,'2023-03-09 12:53:08.255285','תומר אריאב',22),(201,36,'2023-03-09 12:53:08.257377','סמדר שמעון',22),(202,97,'2023-03-09 12:53:08.262417','\'פרופ נטע חרמון',23),(203,10,'2023-03-09 12:53:08.265973','אורטל זורע IV',23),(204,100,'2023-03-09 12:53:08.271429','גברת סתיו אדוני III',23),(205,73,'2023-03-09 12:53:08.275681','חנית גיא',23),(206,27,'2023-03-09 12:53:08.279362','יהודית אסף',23),(207,55,'2023-03-09 12:53:08.282749','אביעד גוריון',23),(208,97,'2023-03-09 12:53:08.285896','שירי זמרי',23),(209,46,'2023-03-09 12:53:08.289178','ינון קצין',23),(210,23,'2023-03-09 12:53:08.292290','אסנת סדן V',23),(211,46,'2023-03-09 12:53:08.305809','ורד דורי',23),(212,40,'2023-03-09 12:53:08.308357','שלומי שקד',24),(213,28,'2023-03-09 12:53:08.310038','שקמה משולח',24),(214,98,'2023-03-09 12:53:08.311643','אריה מוקד',24),(215,54,'2023-03-09 12:53:08.313906','רביד גרשון',24),(216,79,'2023-03-09 12:53:08.315683','כרמי פולני',24),(217,99,'2023-03-09 12:53:08.317465','שגב ברקאי',24),(218,81,'2023-03-09 12:53:08.319238','קסניה נאור Jr.',25),(219,50,'2023-03-09 12:53:08.320916','יניב גרא',25),(220,19,'2023-03-09 12:53:08.322492','לבנה בן צבי',25),(221,57,'2023-03-09 12:53:08.324277','רבקה ירקוני',25),(222,38,'2023-03-09 12:53:08.326027','צדק עמוס',25),(223,79,'2023-03-09 12:53:08.327728','אלרועי אדמוני',25),(224,52,'2023-03-09 12:53:08.329497','אראלה בן ישראל',25),(225,66,'2023-03-09 12:53:08.331509','מר מוריה רועה',26),(226,38,'2023-03-09 12:53:08.335162','גור שאול',26),(227,23,'2023-03-09 12:53:08.337684','אלקנה קורח V',26),(228,55,'2023-03-09 12:53:08.340103','יפה גונן I',26),(229,12,'2023-03-09 12:53:08.341820','אריאלה שריף',27),(230,15,'2023-03-09 12:53:08.343481','ויטה מתניה I',27),(231,44,'2023-03-09 12:53:08.345433','גברת לאה עזריאל III',27),(232,65,'2023-03-09 12:53:08.347464','אליאס זיואב MD',27),(233,11,'2023-03-09 12:53:08.353434','ליעד תירוש',27),(234,10,'2023-03-09 12:53:08.355181','ד\"ר קטיה צורף',27),(235,2,'2023-03-09 12:53:08.357048','שי לי בן שמחון',27),(236,37,'2023-03-09 12:53:08.359102','עמית אשכול',27),(237,22,'2023-03-09 12:53:08.360847','מגי איתן',27),(238,51,'2023-03-09 12:53:08.362680','מר סיון אדמון',27),(239,7,'2023-03-09 12:53:08.365713','אופל נוב',28),(240,92,'2023-03-09 12:53:08.367879','שלום בצלאל DVM',28),(241,62,'2023-03-09 12:53:08.370288','הגר זמיר',28),(242,77,'2023-03-09 12:53:08.372039','ניצן איש שלום',28),(243,20,'2023-03-09 12:53:08.373681','אלעד אביב',28),(244,87,'2023-03-09 12:53:08.375341','רוני אשל',28),(245,15,'2023-03-09 12:53:08.376990','גברת מריה מלכה',28),(246,20,'2023-03-09 12:53:08.379749','אליאב שאולי',29),(247,14,'2023-03-09 12:53:08.381660','צמרת גרנות',29),(248,82,'2023-03-09 12:53:08.383444','הדר ישראלי',29),(249,59,'2023-03-09 12:53:08.385142','יערה שדה',29),(250,44,'2023-03-09 12:53:08.386935','גיא בן מנחם',29),(251,56,'2023-03-09 12:53:08.388752','מורן שוער',29),(252,97,'2023-03-09 12:53:08.390396','תיאו יחיאל',29),(253,70,'2023-03-09 12:53:08.392049','יהונתן רמז',29),(254,67,'2023-03-09 12:53:08.393792','ד\"ר ראם אנקורי',29),(255,95,'2023-03-09 12:53:08.396875','עו\"ד אליהו עצמון',29),(256,23,'2023-03-09 12:53:08.398968','ניצן עוגן',29),(257,44,'2023-03-09 12:53:08.414631','אלרועי צמח',30),(258,87,'2023-03-09 12:53:08.416660','עופרי עילם',30),(259,65,'2023-03-09 12:53:08.418410','תמר צפיר',30),(260,99,'2023-03-09 12:53:08.420212','יהב אזרחי PhD',30),(261,29,'2023-03-09 12:53:08.421861','אסיף ברוך',30),(262,65,'2023-03-09 12:53:08.423622','נרי רם',31),(263,23,'2023-03-09 12:53:08.425829','אלעד אליצור',31),(264,44,'2023-03-09 12:53:08.428795','מיכל אוריון',31),(265,0,'2023-03-09 12:53:08.431160','לירן ירוחם',31),(266,38,'2023-03-09 12:53:08.433327','אלכס עינב',31),(267,97,'2023-03-09 12:53:08.435065','כרם מיכה',31),(268,33,'2023-03-09 12:53:08.436798','אלחנן שלומי',32),(269,64,'2023-03-09 12:53:08.438570','ראובן באר',32),(270,3,'2023-03-09 12:53:08.440400','אלכסנדר בוצר',32),(271,92,'2023-03-09 12:53:08.442071','נח אשבל',32),(272,63,'2023-03-09 12:53:08.443741','מירן מרגנית',32),(273,60,'2023-03-09 12:53:08.445419','עופרי ניסני',32),(274,61,'2023-03-09 12:53:08.447811','ד\"ר עמוס גיא',33),(275,32,'2023-03-09 12:53:08.449585','לוטם שוער Sr.',33),(276,98,'2023-03-09 12:53:08.451285','לירון חזן',33),(277,59,'2023-03-09 12:53:08.453034','עו\"ד נחשון יושע',33),(278,30,'2023-03-09 12:53:08.454772','ניקולס שילוני',33),(279,89,'2023-03-09 12:53:08.456561','יקיר ירוחם',33),(280,40,'2023-03-09 12:53:08.459631','רחל גלילי',33),(281,51,'2023-03-09 12:53:08.462667','ירדן חי',34),(282,68,'2023-03-09 12:53:08.464785','ליאל דברת MD',34),(283,15,'2023-03-09 12:53:08.466428','עו\"ד מגל זיו',34),(284,17,'2023-03-09 12:53:08.471777','אליאב אבינרי',34),(285,93,'2023-03-09 12:53:08.473538','דנה שלמון',34),(286,27,'2023-03-09 12:53:08.475217','עינת חזני',34),(287,74,'2023-03-09 12:53:08.477622','גאיה גת V',34),(288,88,'2023-03-09 12:53:08.480700','גיורא פולני',34),(289,35,'2023-03-09 12:53:08.483311','זבולון ברטל',34),(290,43,'2023-03-09 12:53:08.485693','אלירז אפק',34),(291,32,'2023-03-09 12:53:08.488191','לירן אבן',34),(292,71,'2023-03-09 12:53:08.491627','עו\"ד מריה קמה',34),(293,23,'2023-03-09 12:53:08.494921','שגיא אבניאל',34),(294,27,'2023-03-09 12:53:08.497422','אביבית מזל Sr.',34),(295,76,'2023-03-09 12:53:08.499982','יהלום בן זכאי',34),(296,37,'2023-03-09 12:53:08.502390','בת שבע הראל',35),(297,80,'2023-03-09 12:53:08.504744','צליל שפע',35),(298,94,'2023-03-09 12:53:08.507094','יניב חנני',35),(299,86,'2023-03-09 12:53:08.509022','לירן בן גל',35),(300,99,'2023-03-09 12:53:08.511144','אלכסנדר אדמון',35),(301,36,'2023-03-09 12:53:08.514116','\'פרופ מרינה דרורי',35),(302,3,'2023-03-09 12:53:08.516018','אהרון שובל',35),(303,53,'2023-03-09 12:53:08.517706','מאור עופר',35),(304,60,'2023-03-09 12:53:08.520320','לי תגר',35),(305,43,'2023-03-09 12:53:08.522864','דורית שובל',35),(306,58,'2023-03-09 12:53:08.525506','אורית בראל',35),(307,7,'2023-03-09 12:53:08.527132','אלכסנדר גדות',35),(308,97,'2023-03-09 12:53:08.529204','אלירז כנר II',35),(309,88,'2023-03-09 12:53:08.531637','לירון בן נון',35),(310,37,'2023-03-09 12:53:08.533406','לירן בן יצחק',36),(311,85,'2023-03-09 12:53:08.535086','שושנה תבור',36),(312,28,'2023-03-09 12:53:08.536776','שוהם לב',36),(313,9,'2023-03-09 12:53:08.539042','דליה רזיאל',36),(314,13,'2023-03-09 12:53:08.541519','אושרי נחום',36),(315,67,'2023-03-09 12:53:08.544251','אפיק אסא',36),(316,51,'2023-03-09 12:53:08.546002','גלית חלמיש DVM',36),(317,89,'2023-03-09 12:53:08.547688','אירית גבעול',36),(318,8,'2023-03-09 12:53:08.549673','חן שלמון V',36),(319,37,'2023-03-09 12:53:08.553293','אריאלה קמחי',36),(320,83,'2023-03-09 12:53:08.555766','עו\"ד בן אל בראל',36),(321,75,'2023-03-09 12:53:08.558421','גיא דרור',36),(322,72,'2023-03-09 12:53:08.560282','יעקב גדות',36),(323,4,'2023-03-09 12:53:08.562300','צאלה קנת',36),(324,84,'2023-03-09 12:53:08.564324','אלישמע צדקה II',36),(325,100,'2023-03-09 12:53:08.566568','שמאי תשבי',37),(326,28,'2023-03-09 12:53:08.568801','אלישמע שור',37),(327,71,'2023-03-09 12:53:08.570831','הילה דותן',37),(328,75,'2023-03-09 12:53:08.572612','\'פרופ עמיחי פרח',37),(329,65,'2023-03-09 12:53:08.574372','גברת צוק בן פורת',37),(330,86,'2023-03-09 12:53:08.576162','עדי כפיר I',37),(331,81,'2023-03-09 12:53:08.577889','דנית גלבוע',37),(332,47,'2023-03-09 12:53:08.579750','מיכאלה שמרון',37),(333,97,'2023-03-09 12:53:08.582536','יותם גונן',37),(334,59,'2023-03-09 12:53:08.585997','עו\"ד מרב סימן טוב',37),(335,23,'2023-03-09 12:53:08.588930','גורן גורלי',37),(336,43,'2023-03-09 12:53:08.591103','נהוראי נגבי',37),(337,98,'2023-03-09 12:53:08.593251','רוני רם',37),(338,53,'2023-03-09 12:53:08.595711','מיכאלה דברת',37),(339,9,'2023-03-09 12:53:08.598108','מיטב חזקיה',37),(340,40,'2023-03-09 12:53:08.599816','אריאנה בן חנניה',38),(341,73,'2023-03-09 12:53:08.601422','עו\"ד אמור בן שלום',38),(342,72,'2023-03-09 12:53:08.603011','יחזקאל נריה',38),(343,0,'2023-03-09 12:53:08.604780','לילי חצור',39),(344,41,'2023-03-09 12:53:08.606285','תבור אביעד',39),(345,82,'2023-03-09 12:53:08.608037','ליבי גינוסר',39),(346,10,'2023-03-09 12:53:08.609659','תפארת טבת',39),(347,12,'2023-03-09 12:53:08.611320','אוריה המאירי Sr.',39),(348,40,'2023-03-09 12:53:08.613036','רז הדר',39),(349,51,'2023-03-09 12:53:08.615925','מור בן שאול',39),(350,2,'2023-03-09 12:53:08.618459','יהושע בן שמעון',39),(351,47,'2023-03-09 12:53:08.620597','שני דן',39),(352,82,'2023-03-09 12:53:08.622212','עדי בן ברק',39),(353,45,'2023-03-09 12:53:08.623870','גברת גדעון שץ',39),(354,69,'2023-03-09 12:53:08.625463','ג\'וי זק',39),(355,24,'2023-03-09 12:53:08.627096','גולן גור אריה',40),(356,33,'2023-03-09 12:53:08.628718','דני שבת',40),(357,36,'2023-03-09 12:53:08.631095','מרים פרח',40),(358,73,'2023-03-09 12:53:08.632940','גאיה עמיאל',40),(359,20,'2023-03-09 12:53:08.635097','אלינור עדר I',40),(360,34,'2023-03-09 12:53:08.636898','אבירם שריף',40),(361,29,'2023-03-09 12:53:08.638667','אריה תמוז',40),(362,15,'2023-03-09 12:53:08.640559','אושרי תשבי',40),(363,58,'2023-03-09 12:53:08.642229','אליה ידין MD',40),(364,50,'2023-03-09 12:53:08.643927','עמית בכור',40),(365,58,'2023-03-09 12:53:08.646304','בת שבע ימיני',40),(366,46,'2023-03-09 12:53:08.649063','תומר מעייני',41),(367,43,'2023-03-09 12:53:08.652236','יהלום קציר',41),(368,87,'2023-03-09 12:53:08.654421','זוהר בן נחום',41),(369,99,'2023-03-09 12:53:08.656143','\'פרופ כליל עינב',41),(370,98,'2023-03-09 12:53:08.657865','אמנון שער',41),(371,2,'2023-03-09 12:53:08.659584','רינת ברנע DVM',41),(372,64,'2023-03-09 12:53:08.661487','אופיר משעול',41),(373,32,'2023-03-09 12:53:08.664498','אבירן מזר',41),(374,94,'2023-03-09 12:53:08.666786','ד\"ר ירדן תבור',41),(375,35,'2023-03-09 12:53:08.669160','ליר שחורי',41),(376,48,'2023-03-09 12:53:08.671307','פלג גלעד',41),(377,90,'2023-03-09 12:53:08.673165','גד כרמון',41),(378,57,'2023-03-09 12:53:08.674908','נדב אליקים',41),(379,50,'2023-03-09 12:53:08.678459','רינת שמחוני',41),(380,55,'2023-03-09 12:53:08.681042','מור דקל',41),(381,81,'2023-03-09 12:53:08.683291','מיכאל דביר',42),(382,13,'2023-03-09 12:53:08.685303','אליאב ירדני',42),(383,20,'2023-03-09 12:53:08.687263','דגן אלישיב',42),(384,46,'2023-03-09 12:53:08.690119','שחר גנור',42),(385,40,'2023-03-09 12:53:08.691948','דני שחר',42),(386,92,'2023-03-09 12:53:08.709722','אלכס בן דוד',43),(387,4,'2023-03-09 12:53:08.711903','ניתאי שיש',43),(388,42,'2023-03-09 12:53:08.714463','נילי פריגת',43),(389,7,'2023-03-09 12:53:08.716200','ארבל יחזקאל',43),(390,53,'2023-03-09 12:53:08.717900','לירוי גפני',43),(391,84,'2023-03-09 12:53:08.719583','גברת רבקה קנר',44),(392,48,'2023-03-09 12:53:08.721250','אלומה דר',44),(393,34,'2023-03-09 12:53:08.723111','אגם זכאי',44),(394,14,'2023-03-09 12:53:08.727692','גיל עשת',44),(395,28,'2023-03-09 12:53:08.730378','דביר יפה',44),(396,12,'2023-03-09 12:53:08.732147','מורן איש כסית',44),(397,19,'2023-03-09 12:53:08.733812','תלמה בן שחר',44),(398,100,'2023-03-09 12:53:08.735557','מור דוידי II',44),(399,67,'2023-03-09 12:53:08.737340','נטעלי אילת',44),(400,59,'2023-03-09 12:53:08.740486','ישראל ברעוז',44),(401,23,'2023-03-09 12:53:08.743056','עו\"ד תבור בר יעקב',44),(402,75,'2023-03-09 12:53:08.745474','יקיר בן דוד',44),(403,44,'2023-03-09 12:53:08.747420','קסם אברון',44),(404,51,'2023-03-09 12:53:08.749009','ליעד יוטבת',44),(405,48,'2023-03-09 12:53:08.750562','שגיא שלג',44),(406,92,'2023-03-09 12:53:08.752345','\'פרופ קליה תומר',45),(407,90,'2023-03-09 12:53:08.754020','גל גבעתי III',45),(408,53,'2023-03-09 12:53:08.755832','סופיה שני',45),(409,15,'2023-03-09 12:53:08.757531','איב קינן Sr.',45),(410,84,'2023-03-09 12:53:08.759182','אלישיב בית יוסף',45),(411,28,'2023-03-09 12:53:08.760782','תבור לבנון',46),(412,69,'2023-03-09 12:53:08.762826','ד\"ר כליל גמזו',46),(413,88,'2023-03-09 12:53:08.764667','יורם אסא',46),(414,8,'2023-03-09 12:53:08.766426','אור עומר',46),(415,67,'2023-03-09 12:53:08.768282','תומר מאור',46),(416,57,'2023-03-09 12:53:08.772121','מיה עובד',46),(417,88,'2023-03-09 12:53:08.774897','מר אמיתי אנקורי',47),(418,31,'2023-03-09 12:53:08.777494','מיכל צוריאל Sr.',47),(419,26,'2023-03-09 12:53:08.780323','ליליה רום IV',47),(420,38,'2023-03-09 12:53:08.782060','גלית צורי',47),(421,78,'2023-03-09 12:53:08.783847','אלישבע אפעל',47),(422,4,'2023-03-09 12:53:08.785671','גברת איתי שחור MD',47),(423,47,'2023-03-09 12:53:08.787552','גבריאל גלבוע',48),(424,99,'2023-03-09 12:53:08.789434','אביה אלול',48),(425,77,'2023-03-09 12:53:08.791357','בצלאל ברזל',48),(426,1,'2023-03-09 12:53:08.793240','מרים זורע',48),(427,10,'2023-03-09 12:53:08.796106','אשר צמח',48),(428,83,'2023-03-09 12:53:08.798432','גברת אלרועי בן שלום',48),(429,86,'2023-03-09 12:53:08.800482','עוזיה משען',49),(430,16,'2023-03-09 12:53:08.803931','זאב אביעד',49),(431,2,'2023-03-09 12:53:08.806246','רננה תאני',49),(432,42,'2023-03-09 12:53:08.808565','יסמין הרפז',49),(433,57,'2023-03-09 12:53:08.810200','יהושע פרח',49),(434,43,'2023-03-09 12:53:08.811870','גברת ליר לשם',49),(435,64,'2023-03-09 12:53:08.814053','לילי יצחק',49),(436,7,'2023-03-09 12:53:08.815691','גורן שיר',49),(437,10,'2023-03-09 12:53:08.817289','מר אביבית פרי',49),(438,38,'2023-03-09 12:53:08.818885','ד\"ר אליסף בן ראובן',49),(439,62,'2023-03-09 12:53:08.820579','אורטל דולב',49),(440,61,'2023-03-09 12:53:08.822326','לידור גינוסר',50),(441,51,'2023-03-09 12:53:08.824022','אפריל אלמוג',50),(442,66,'2023-03-09 12:53:08.825758','ליבי משעול Jr.',50),(443,79,'2023-03-09 12:53:08.827664','יהלום דביר',50),(444,81,'2023-03-09 12:53:08.829268','שני ליש',50),(445,70,'2023-03-09 12:53:08.830910','כרמל גדות',50),(446,98,'2023-03-09 12:53:08.834390','ליאורה גלרון',50),(447,93,'2023-03-09 12:53:08.837301','צמרת שוער',50);
/*!40000 ALTER TABLE `score` ENABLE KEYS */;
UNLOCK TABLES;

--
-- Table structure for table `user`
--

DROP TABLE IF EXISTS `user`;
/*!40101 SET @saved_cs_client     = @@character_set_client */;
/*!50503 SET character_set_client = utf8mb4 */;
CREATE TABLE `user` (
  `id` int NOT NULL AUTO_INCREMENT,
  `username` varchar(255) NOT NULL,
  PRIMARY KEY (`id`),
  UNIQUE KEY `IDX_78a916df40e02a9deb1c4b75ed` (`username`)
) ENGINE=InnoDB AUTO_INCREMENT=11 DEFAULT CHARSET=utf8mb4 COLLATE=utf8mb4_0900_ai_ci;
/*!40101 SET character_set_client = @saved_cs_client */;

--
-- Dumping data for table `user`
--

LOCK TABLES `user` WRITE;
/*!40000 ALTER TABLE `user` DISABLE KEYS */;
INSERT INTO `user` VALUES (10,'אדווה80'),(5,'איה.חצרוני12'),(2,'אילנה65'),(9,'גלי36'),(4,'יהלי.ניב54'),(7,'ים_רווח'),(6,'יניב_דותן64'),(1,'לוי_פרג'),(8,'מגל.בןברוך'),(3,'קטיה.דור72');
/*!40000 ALTER TABLE `user` ENABLE KEYS */;
UNLOCK TABLES;
/*!40103 SET TIME_ZONE=@OLD_TIME_ZONE */;

/*!40101 SET SQL_MODE=@OLD_SQL_MODE */;
/*!40014 SET FOREIGN_KEY_CHECKS=@OLD_FOREIGN_KEY_CHECKS */;
/*!40014 SET UNIQUE_CHECKS=@OLD_UNIQUE_CHECKS */;
/*!40101 SET CHARACTER_SET_CLIENT=@OLD_CHARACTER_SET_CLIENT */;
/*!40101 SET CHARACTER_SET_RESULTS=@OLD_CHARACTER_SET_RESULTS */;
/*!40101 SET COLLATION_CONNECTION=@OLD_COLLATION_CONNECTION */;
/*!40111 SET SQL_NOTES=@OLD_SQL_NOTES */;

-- Dump completed on 2023-03-09 12:56:09
