-- MySQL dump 10.13  Distrib 8.0.32, for Linux (x86_64)
--
-- Host: localhost    Database: monkey_quiz
-- ------------------------------------------------------
-- Server version	8.0.32-0ubuntu0.22.04.2

/*!40101 SET @OLD_CHARACTER_SET_CLIENT=@@CHARACTER_SET_CLIENT */;
/*!40101 SET @OLD_CHARACTER_SET_RESULTS=@@CHARACTER_SET_RESULTS */;
/*!40101 SET @OLD_COLLATION_CONNECTION=@@COLLATION_CONNECTION */;
/*!50503 SET NAMES utf8mb4 */;
/*!40103 SET @OLD_TIME_ZONE=@@TIME_ZONE */;
/*!40103 SET TIME_ZONE='+00:00' */;
/*!40014 SET @OLD_UNIQUE_CHECKS=@@UNIQUE_CHECKS, UNIQUE_CHECKS=0 */;
/*!40014 SET @OLD_FOREIGN_KEY_CHECKS=@@FOREIGN_KEY_CHECKS, FOREIGN_KEY_CHECKS=0 */;
/*!40101 SET @OLD_SQL_MODE=@@SQL_MODE, SQL_MODE='NO_AUTO_VALUE_ON_ZERO' */;
/*!40111 SET @OLD_SQL_NOTES=@@SQL_NOTES, SQL_NOTES=0 */;

--
-- Table structure for table `access_logger`
--

DROP TABLE IF EXISTS `access_logger`;
/*!40101 SET @saved_cs_client     = @@character_set_client */;
/*!50503 SET character_set_client = utf8mb4 */;
CREATE TABLE `access_logger` (
  `id` int NOT NULL AUTO_INCREMENT,
  `date` datetime NOT NULL,
  `success` tinyint NOT NULL,
  `userId` varchar(36) DEFAULT NULL,
  PRIMARY KEY (`id`),
  KEY `FK_592498efcc7b3c679d433037b1d` (`userId`),
  CONSTRAINT `FK_592498efcc7b3c679d433037b1d` FOREIGN KEY (`userId`) REFERENCES `user` (`id`)
) ENGINE=InnoDB DEFAULT CHARSET=utf8mb4 COLLATE=utf8mb4_0900_ai_ci;
/*!40101 SET character_set_client = @saved_cs_client */;

--
-- Dumping data for table `access_logger`
--

LOCK TABLES `access_logger` WRITE;
/*!40000 ALTER TABLE `access_logger` DISABLE KEYS */;
/*!40000 ALTER TABLE `access_logger` ENABLE KEYS */;
UNLOCK TABLES;

--
-- Table structure for table `answer`
--

DROP TABLE IF EXISTS `answer`;
/*!40101 SET @saved_cs_client     = @@character_set_client */;
/*!50503 SET character_set_client = utf8mb4 */;
CREATE TABLE `answer` (
  `id` int NOT NULL AUTO_INCREMENT,
  `text` varchar(255) NOT NULL,
  `image_url` varchar(255) DEFAULT NULL,
  `is_correct` tinyint NOT NULL,
  `question_id` int NOT NULL,
  PRIMARY KEY (`id`),
  KEY `FK_c3d19a89541e4f0813f2fe09194` (`question_id`),
  CONSTRAINT `FK_c3d19a89541e4f0813f2fe09194` FOREIGN KEY (`question_id`) REFERENCES `question` (`id`) ON DELETE CASCADE ON UPDATE CASCADE
) ENGINE=InnoDB AUTO_INCREMENT=744 DEFAULT CHARSET=utf8mb4 COLLATE=utf8mb4_0900_ai_ci;
/*!40101 SET character_set_client = @saved_cs_client */;

--
-- Dumping data for table `answer`
--

LOCK TABLES `answer` WRITE;
/*!40000 ALTER TABLE `answer` DISABLE KEYS */;
INSERT INTO `answer` VALUES (38,'ארגונומי עץ פיצה','https://loremflickr.com/640/480?lock=22956',0,16),(39,'מאוד יפה צַח סבון','https://loremflickr.com/640/480?lock=96066',0,16),(40,'מאוד יפה פלדה אופניים','https://loremflickr.com/640/480?lock=54138',0,16),(41,'טעים גרניט סלט','https://loremflickr.com/640/480?lock=46158',0,17),(42,'גנרית קפוא נעליים','https://loremflickr.com/640/480?lock=12851',0,17),(43,'כפרי גומי נקניקיות','https://loremflickr.com/640/480?lock=36452',0,18),(44,'גנרית מתכת מגבות','https://loremflickr.com/640/480?lock=5909',1,18),(45,'מְזוּקָק מתכת עוף','https://loremflickr.com/640/480?lock=28369',1,19),(46,'עבודת יד צַח דג','https://loremflickr.com/640/480?lock=69071',0,19),(47,'מלוטש צַח סבון','https://loremflickr.com/640/480?lock=39820',0,19),(48,'כפרי קפוא צ\'יפס','https://loremflickr.com/640/480?lock=74974',0,19),(49,'מְזוּקָק צַח כפפות','https://loremflickr.com/640/480?lock=43926',1,20),(50,'כפרי עץ עכבר','https://loremflickr.com/640/480?lock=30241',0,20),(51,'עבודת יד רך מחשב','https://loremflickr.com/640/480?lock=91964',0,20),(52,'מְזוּקָק מתכת דג','https://loremflickr.com/640/480?lock=85240',0,21),(53,'מאוד יפה פלסטי עכבר','https://loremflickr.com/640/480?lock=31191',1,21),(54,'פנטסטי פלסטי אוטו','https://loremflickr.com/640/480?lock=73840',0,21),(55,'כפרי צַח גבינה','https://loremflickr.com/640/480?lock=5114',0,22),(56,'טעים רך דג','https://loremflickr.com/640/480?lock=64233',0,22),(57,'מורשה קפוא עכבר','https://loremflickr.com/640/480?lock=73508',1,22),(58,'מאוד יפה קפוא טונה','https://loremflickr.com/640/480?lock=86116',0,23),(59,'אינטליגנטי מתכת מקלדת','https://loremflickr.com/640/480?lock=34450',0,23),(60,'גנרית מתכת כובע','https://loremflickr.com/640/480?lock=86913',1,23),(61,'מדהים גרניט נעליים','https://loremflickr.com/640/480?lock=84427',0,23),(62,'קטן גומי אופניים','https://loremflickr.com/640/480?lock=31206',0,24),(63,'מעשי פלסטי גבינה','https://loremflickr.com/640/480?lock=50636',1,24),(64,'פנטסטי פלדה מחשב','https://loremflickr.com/640/480?lock=1801',0,24),(65,'מאוד יפה רך צ\'יפס','https://loremflickr.com/640/480?lock=60369',0,25),(66,'טעים גרניט סלט','https://loremflickr.com/640/480?lock=34516',0,25),(67,'פנטסטי כותנה אוטו','https://loremflickr.com/640/480?lock=87602',1,25),(68,'מדהים כותנה אוטו','https://loremflickr.com/640/480?lock=77917',0,25),(69,'מְזוּקָק עץ סבון','https://loremflickr.com/640/480?lock=64948',0,26),(70,'ארגונומי פלדה חולצה','https://loremflickr.com/640/480?lock=3410',1,26),(71,'ארגונומי גומי כפפות','https://loremflickr.com/640/480?lock=93152',0,26),(72,'לא ממותג פלסטי סלט','https://loremflickr.com/640/480?lock=18271',0,27),(73,'מאוד יפה פלסטי עוף','https://loremflickr.com/640/480?lock=25068',1,27),(74,'ארגונומי קפוא כובע','https://loremflickr.com/640/480?lock=72432',0,27),(75,'גנרית בטון מקלדת','https://loremflickr.com/640/480?lock=14048',0,27),(76,'כפרי רך כובע','https://loremflickr.com/640/480?lock=70833',0,28),(77,'מורשה בטון מגבות','https://loremflickr.com/640/480?lock=27955',1,28),(78,'מורשה קפוא נקניקיות','https://loremflickr.com/640/480?lock=50538',0,28),(79,'מעשי גרניט אופניים','https://loremflickr.com/640/480?lock=45921',0,29),(80,'עבודת יד מתכת אופניים','https://loremflickr.com/640/480?lock=98853',1,29),(81,'לא ממותג קפוא נעליים','https://loremflickr.com/640/480?lock=50889',0,29),(82,'טעים צַח בייקון','https://loremflickr.com/640/480?lock=70495',0,30),(83,'מאוד יפה בטון כפפות','https://loremflickr.com/640/480?lock=117',0,30),(84,'ארגונומי רך עוף','https://loremflickr.com/640/480?lock=23748',0,30),(85,'כפרי גומי סלט','https://loremflickr.com/640/480?lock=98097',1,30),(86,'מדהים מתכת עכבר','https://loremflickr.com/640/480?lock=23242',1,31),(87,'קטן כותנה דג','https://loremflickr.com/640/480?lock=69519',0,31),(88,'מאוד יפה פלדה נקניקיות','https://loremflickr.com/640/480?lock=18728',1,32),(89,'פנטסטי קפוא כדור','https://loremflickr.com/640/480?lock=48065',0,32),(90,'אינטליגנטי פלסטי סבון','https://loremflickr.com/640/480?lock=74972',0,32),(91,'מלוטש כותנה פיצה','https://loremflickr.com/640/480?lock=96922',0,33),(92,'קטן מתכת מחשב','https://loremflickr.com/640/480?lock=54671',0,33),(93,'אינטליגנטי פלסטי עכבר','https://loremflickr.com/640/480?lock=24138',0,33),(94,'גנרית קפוא בייקון','https://loremflickr.com/640/480?lock=76922',0,34),(95,'טעים גומי חולצה','https://loremflickr.com/640/480?lock=95255',0,34),(96,'מאוד יפה גרניט נעליים','https://loremflickr.com/640/480?lock=60320',0,34),(97,'אינטליגנטי רך בייקון','https://loremflickr.com/640/480?lock=4454',0,35),(98,'לא ממותג גרניט מקלדת','https://loremflickr.com/640/480?lock=47090',0,35),(99,'טעים עץ סבון','https://loremflickr.com/640/480?lock=80125',0,35),(100,'מְזוּקָק צַח מקלדת','https://loremflickr.com/640/480?lock=34043',0,35),(101,'ארגונומי פלדה חולצה','https://loremflickr.com/640/480?lock=12455',1,36),(102,'אינטליגנטי גומי דג','https://loremflickr.com/640/480?lock=82626',0,36),(103,'אינטליגנטי קפוא דג','https://loremflickr.com/640/480?lock=49958',0,37),(104,'מְזוּקָק כותנה אופניים','https://loremflickr.com/640/480?lock=7604',0,37),(105,'מלוטש פלסטי כיסא','https://loremflickr.com/640/480?lock=76889',1,37),(106,'ארגונומי בטון עוף','https://loremflickr.com/640/480?lock=51683',0,38),(107,'קטן בטון כיסא','https://loremflickr.com/640/480?lock=46633',1,38),(108,'מאוד יפה בטון סבון','https://loremflickr.com/640/480?lock=5921',0,38),(109,'טעים גרניט אופניים','https://loremflickr.com/640/480?lock=83838',0,39),(110,'מעשי בטון כפפות','https://loremflickr.com/640/480?lock=20043',1,39),(111,'לא ממותג בטון פיצה','https://loremflickr.com/640/480?lock=42805',0,39),(112,'כפרי עץ סלט','https://loremflickr.com/640/480?lock=44835',0,40),(113,'אינטליגנטי גרניט עכבר','https://loremflickr.com/640/480?lock=811',0,40),(114,'גנרית צַח שולחן','https://loremflickr.com/640/480?lock=23985',1,41),(115,'עבודת יד קפוא עכבר','https://loremflickr.com/640/480?lock=47446',0,41),(116,'מאוד יפה גרניט נקניקיות','https://loremflickr.com/640/480?lock=18365',0,41),(117,'טעים כותנה מקלדת','https://loremflickr.com/640/480?lock=13107',1,42),(118,'מְזוּקָק פלסטי גבינה','https://loremflickr.com/640/480?lock=61451',0,42),(119,'פנטסטי רך סלט','https://loremflickr.com/640/480?lock=6681',0,42),(120,'פנטסטי גרניט עוף','https://loremflickr.com/640/480?lock=34751',0,42),(121,'מאוד יפה מתכת נעליים','https://loremflickr.com/640/480?lock=93132',0,43),(122,'כפרי בטון כובע','https://loremflickr.com/640/480?lock=91853',1,43),(123,'אינטליגנטי כותנה מחשב','https://loremflickr.com/640/480?lock=31299',1,44),(124,'מאוד יפה פלסטי סלט','https://loremflickr.com/640/480?lock=48411',0,44),(125,'פנטסטי פלדה צ\'יפס','https://loremflickr.com/640/480?lock=53387',0,44),(126,'מעשי צַח מחשב','https://loremflickr.com/640/480?lock=56037',0,45),(127,'מעשי כותנה פיצה','https://loremflickr.com/640/480?lock=45088',1,45),(128,'לא ממותג קפוא בייקון','https://loremflickr.com/640/480?lock=4534',0,46),(129,'אינטליגנטי רך בייקון','https://loremflickr.com/640/480?lock=51732',1,46),(130,'טעים בטון נקניקיות','https://loremflickr.com/640/480?lock=64227',0,47),(131,'מלוטש מתכת סבון','https://loremflickr.com/640/480?lock=92791',0,47),(132,'מְזוּקָק פלסטי שולחן','https://loremflickr.com/640/480?lock=15236',1,47),(133,'לא ממותג קפוא אופניים','https://loremflickr.com/640/480?lock=57503',0,48),(134,'ארגונומי גרניט אוטו','https://loremflickr.com/640/480?lock=21014',0,48),(135,'קטן פלדה חולצה','https://loremflickr.com/640/480?lock=3922',0,48),(136,'מורשה רך עוף','https://loremflickr.com/640/480?lock=8102',0,48),(137,'מעשי קפוא אוטו','https://loremflickr.com/640/480?lock=28400',0,49),(138,'מאוד יפה פלסטי טונה','https://loremflickr.com/640/480?lock=85892',0,49),(139,'מלוטש מתכת מכנסיים','https://loremflickr.com/640/480?lock=94903',1,49),(140,'מעשי פלדה עכבר','https://loremflickr.com/640/480?lock=86856',0,50),(141,'כפרי פלסטי כיסא','https://loremflickr.com/640/480?lock=19487',0,50),(142,'מאוד יפה גרניט מגבות','https://loremflickr.com/640/480?lock=46341',0,50),(143,'גנרית קפוא כדור','https://loremflickr.com/640/480?lock=94950',0,51),(144,'פנטסטי כותנה בייקון','https://loremflickr.com/640/480?lock=83156',0,51),(145,'מאוד יפה מתכת אופניים','https://loremflickr.com/640/480?lock=81575',0,52),(146,'פנטסטי פלסטי אוטו','https://loremflickr.com/640/480?lock=20355',0,52),(147,'קטן קפוא אוטו','https://loremflickr.com/640/480?lock=61148',0,52),(148,'פנטסטי צַח מקלדת','https://loremflickr.com/640/480?lock=12308',0,53),(149,'ארגונומי קפוא אופניים','https://loremflickr.com/640/480?lock=43257',1,53),(150,'עבודת יד רך כדור','https://loremflickr.com/640/480?lock=82925',0,54),(151,'ארגונומי קפוא מחשב','https://loremflickr.com/640/480?lock=89168',0,54),(152,'עבודת יד כותנה בייקון','https://loremflickr.com/640/480?lock=93434',0,54),(153,'ארגונומי עץ כיסא','https://loremflickr.com/640/480?lock=99748',1,54),(154,'כפרי עץ אוטו','https://loremflickr.com/640/480?lock=3945',0,55),(155,'מדהים גומי צ\'יפס','https://loremflickr.com/640/480?lock=99468',0,55),(156,'לא ממותג פלדה מקלדת','https://loremflickr.com/640/480?lock=50103',1,56),(157,'עבודת יד פלדה כיסא','https://loremflickr.com/640/480?lock=70932',0,56),(158,'אינטליגנטי רך פיצה','https://loremflickr.com/640/480?lock=32045',0,56),(159,'כפרי רך סלט','https://loremflickr.com/640/480?lock=50217',0,56),(160,'לא ממותג בטון עכבר','https://loremflickr.com/640/480?lock=97984',0,57),(161,'מדהים כותנה כובע','https://loremflickr.com/640/480?lock=94921',0,57),(162,'מאוד יפה פלדה שולחן','https://loremflickr.com/640/480?lock=97971',1,57),(163,'אינטליגנטי פלדה עוף','https://loremflickr.com/640/480?lock=78594',0,58),(164,'כפרי בטון מחשב','https://loremflickr.com/640/480?lock=2303',0,58),(165,'אינטליגנטי מתכת כפפות','https://loremflickr.com/640/480?lock=22843',0,58),(166,'מלוטש קפוא צ\'יפס','https://loremflickr.com/640/480?lock=92581',1,59),(167,'פנטסטי פלדה כיסא','https://loremflickr.com/640/480?lock=36961',0,59),(168,'מאוד יפה כותנה סלט','https://loremflickr.com/640/480?lock=46258',0,60),(169,'עבודת יד קפוא עוף','https://loremflickr.com/640/480?lock=14279',1,60),(170,'עבודת יד עץ סלט','https://loremflickr.com/640/480?lock=68728',0,61),(171,'כפרי צַח גבינה','https://loremflickr.com/640/480?lock=88661',1,61),(172,'טעים צַח עוף','https://loremflickr.com/640/480?lock=96843',0,61),(173,'ארגונומי רך גבינה','https://loremflickr.com/640/480?lock=24271',0,62),(174,'כפרי בטון פיצה','https://loremflickr.com/640/480?lock=26265',1,62),(175,'מלוטש פלדה אוטו','https://loremflickr.com/640/480?lock=58472',0,62),(176,'אינטליגנטי רך עוף','https://loremflickr.com/640/480?lock=60645',0,63),(177,'עבודת יד עץ אוטו','https://loremflickr.com/640/480?lock=88992',0,63),(178,'כפרי כותנה מחשב','https://loremflickr.com/640/480?lock=48043',1,63),(179,'מעשי גומי מקלדת','https://loremflickr.com/640/480?lock=86189',0,64),(180,'קטן גומי מחשב','https://loremflickr.com/640/480?lock=36914',1,64),(181,'קטן גרניט שולחן','https://loremflickr.com/640/480?lock=27652',0,64),(182,'מלוטש מתכת טונה','https://loremflickr.com/640/480?lock=43738',0,65),(183,'טעים גרניט טונה','https://loremflickr.com/640/480?lock=99043',0,65),(184,'מדהים כותנה כדור','https://loremflickr.com/640/480?lock=79033',0,66),(185,'ארגונומי בטון סבון','https://loremflickr.com/640/480?lock=30403',0,66),(186,'גנרית עץ נעליים','https://loremflickr.com/640/480?lock=32856',0,66),(187,'טעים פלדה עוף','https://loremflickr.com/640/480?lock=28728',0,67),(188,'לא ממותג כותנה מחשב','https://loremflickr.com/640/480?lock=40584',0,67),(189,'מעשי פלסטי סלט','https://loremflickr.com/640/480?lock=19610',0,67),(190,'מעשי גרניט דג','https://loremflickr.com/640/480?lock=97217',1,67),(191,'מלוטש בטון כובע','https://loremflickr.com/640/480?lock=69338',0,68),(192,'מעשי מתכת פיצה','https://loremflickr.com/640/480?lock=49086',0,68),(193,'מְזוּקָק גומי שולחן','https://loremflickr.com/640/480?lock=90603',0,69),(194,'לא ממותג רך כיסא','https://loremflickr.com/640/480?lock=23547',0,69),(195,'פנטסטי רך צ\'יפס','https://loremflickr.com/640/480?lock=17511',0,69),(196,'מדהים קפוא מגבות','https://loremflickr.com/640/480?lock=15248',1,69),(197,'מְזוּקָק מתכת מקלדת','https://loremflickr.com/640/480?lock=55718',0,70),(198,'מורשה קפוא עוף','https://loremflickr.com/640/480?lock=28384',1,70),(199,'מדהים גרניט טונה','https://loremflickr.com/640/480?lock=43630',1,71),(200,'פנטסטי פלסטי נעליים','https://loremflickr.com/640/480?lock=92352',0,71),(201,'כפרי עץ כיסא','https://loremflickr.com/640/480?lock=83359',1,72),(202,'מאוד יפה רך סלט','https://loremflickr.com/640/480?lock=53896',0,72),(203,'לא ממותג קפוא סבון','https://loremflickr.com/640/480?lock=8343',0,72),(204,'פנטסטי פלסטי שולחן','https://loremflickr.com/640/480?lock=12171',0,72),(205,'לא ממותג צַח עכבר','https://loremflickr.com/640/480?lock=57898',0,73),(206,'ארגונומי קפוא סבון','https://loremflickr.com/640/480?lock=69754',0,73),(207,'לא ממותג פלסטי טונה','https://loremflickr.com/640/480?lock=25932',0,73),(208,'פנטסטי גומי סבון','https://loremflickr.com/640/480?lock=23187',1,73),(209,'מְזוּקָק כותנה מחשב','https://loremflickr.com/640/480?lock=43430',0,74),(210,'טעים עץ סלט','https://loremflickr.com/640/480?lock=8142',0,74),(211,'ארגונומי פלדה נעליים','https://loremflickr.com/640/480?lock=34689',0,75),(212,'מדהים גרניט פיצה','https://loremflickr.com/640/480?lock=14447',1,75),(213,'מורשה כותנה סלט','https://loremflickr.com/640/480?lock=74441',0,76),(214,'ארגונומי עץ שולחן','https://loremflickr.com/640/480?lock=96302',0,76),(215,'מאוד יפה גרניט כפפות','https://loremflickr.com/640/480?lock=50411',1,76),(216,'מדהים כותנה מגבות','https://loremflickr.com/640/480?lock=17287',0,77),(217,'קטן בטון דג','https://loremflickr.com/640/480?lock=51428',1,77),(218,'מדהים פלסטי כיסא','https://loremflickr.com/640/480?lock=14000',0,77),(219,'גנרית בטון אופניים','https://loremflickr.com/640/480?lock=41490',0,78),(220,'מעשי צַח כדור','https://loremflickr.com/640/480?lock=34431',0,78),(221,'פנטסטי פלדה שולחן','https://loremflickr.com/640/480?lock=19939',0,79),(222,'עבודת יד קפוא כפפות','https://loremflickr.com/640/480?lock=61189',0,79),(223,'ארגונומי עץ אוטו','https://loremflickr.com/640/480?lock=22957',1,79),(224,'טעים בטון כדור','https://loremflickr.com/640/480?lock=1382',0,79),(225,'קטן בטון פיצה','https://loremflickr.com/640/480?lock=92519',0,80),(226,'טעים כותנה שולחן','https://loremflickr.com/640/480?lock=46302',0,80),(227,'כפרי עץ פיצה','https://loremflickr.com/640/480?lock=97509',0,80),(228,'כפרי מתכת דג','https://loremflickr.com/640/480?lock=92129',0,80),(229,'מורשה כותנה חולצה','https://loremflickr.com/640/480?lock=16223',0,81),(230,'כפרי מתכת חולצה','https://loremflickr.com/640/480?lock=97828',0,81),(231,'אינטליגנטי קפוא פיצה','https://loremflickr.com/640/480?lock=65562',1,81),(232,'מלוטש רך כובע','https://loremflickr.com/640/480?lock=54032',0,82),(233,'כפרי פלסטי כובע','https://loremflickr.com/640/480?lock=68103',1,82),(234,'גנרית כותנה מחשב','https://loremflickr.com/640/480?lock=40335',0,83),(235,'מלוטש גומי סלט','https://loremflickr.com/640/480?lock=33741',1,83),(236,'כפרי מתכת סלט','https://loremflickr.com/640/480?lock=60100',1,84),(237,'מאוד יפה פלדה מחשב','https://loremflickr.com/640/480?lock=98336',0,84),(238,'עבודת יד קפוא אופניים','https://loremflickr.com/640/480?lock=33865',0,84),(239,'מעשי מתכת מקלדת','https://loremflickr.com/640/480?lock=998',0,85),(240,'מורשה בטון פיצה','https://loremflickr.com/640/480?lock=15185',1,85),(241,'עבודת יד פלסטי מכנסיים','https://loremflickr.com/640/480?lock=32414',0,86),(242,'גנרית צַח מגבות','https://loremflickr.com/640/480?lock=10718',1,86),(243,'מורשה כותנה סלט','https://loremflickr.com/640/480?lock=66951',0,86),(244,'גנרית כותנה כיסא','https://loremflickr.com/640/480?lock=33010',0,87),(245,'אינטליגנטי גרניט מכנסיים','https://loremflickr.com/640/480?lock=60353',1,87),(246,'קטן בטון צ\'יפס','https://loremflickr.com/640/480?lock=35794',0,88),(247,'טעים גומי כיסא','https://loremflickr.com/640/480?lock=69449',1,88),(248,'כפרי עץ גבינה','https://loremflickr.com/640/480?lock=34410',1,89),(249,'מאוד יפה גרניט דג','https://loremflickr.com/640/480?lock=22672',0,89),(250,'כפרי פלסטי כיסא','https://loremflickr.com/640/480?lock=16005',0,89),(251,'מעשי פלדה גבינה','https://loremflickr.com/640/480?lock=65277',0,89),(252,'מלוטש מתכת אוטו','https://loremflickr.com/640/480?lock=84061',0,90),(253,'מורשה בטון מכנסיים','https://loremflickr.com/640/480?lock=12542',0,90),(254,'כפרי מתכת כפפות','https://loremflickr.com/640/480?lock=17536',1,90),(255,'כפרי כותנה חולצה','https://loremflickr.com/640/480?lock=95315',0,90),(256,'אינטליגנטי פלסטי כפפות','https://loremflickr.com/640/480?lock=482',0,91),(257,'עבודת יד רך נקניקיות','https://loremflickr.com/640/480?lock=70093',0,91),(258,'מאוד יפה גרניט פיצה','https://loremflickr.com/640/480?lock=35248',1,91),(259,'מורשה צַח כיסא','https://loremflickr.com/640/480?lock=96572',0,92),(260,'קטן כותנה פיצה','https://loremflickr.com/640/480?lock=2772',0,92),(261,'מעשי פלסטי אופניים','https://loremflickr.com/640/480?lock=31739',1,92),(262,'מְזוּקָק כותנה כובע','https://loremflickr.com/640/480?lock=13341',0,92),(263,'טעים צַח גבינה','https://loremflickr.com/640/480?lock=31620',0,93),(264,'פנטסטי כותנה סלט','https://loremflickr.com/640/480?lock=86585',0,93),(265,'לא ממותג מתכת טונה','https://loremflickr.com/640/480?lock=77285',0,93),(266,'ארגונומי רך מקלדת','https://loremflickr.com/640/480?lock=35107',1,93),(267,'פנטסטי גרניט מחשב','https://loremflickr.com/640/480?lock=956',0,94),(268,'מלוטש פלדה כובע','https://loremflickr.com/640/480?lock=29600',0,94),(269,'עבודת יד פלדה סלט','https://loremflickr.com/640/480?lock=87282',1,94),(270,'מורשה גומי טונה','https://loremflickr.com/640/480?lock=45277',0,95),(271,'ארגונומי קפוא מחשב','https://loremflickr.com/640/480?lock=2658',1,95),(272,'מעשי צַח כפפות','https://loremflickr.com/640/480?lock=50068',0,95),(273,'קטן גומי אופניים','https://loremflickr.com/640/480?lock=50717',0,95),(274,'פנטסטי כותנה כיסא','https://loremflickr.com/640/480?lock=12463',0,96),(275,'מדהים גרניט דג','https://loremflickr.com/640/480?lock=85135',0,96),(276,'גנרית גומי טונה','https://loremflickr.com/640/480?lock=11696',0,96),(277,'ארגונומי פלסטי עוף','https://loremflickr.com/640/480?lock=44781',0,96),(278,'מדהים רך צ\'יפס','https://loremflickr.com/640/480?lock=66122',0,97),(279,'אינטליגנטי בטון שולחן','https://loremflickr.com/640/480?lock=57987',1,97),(280,'לא ממותג גרניט אופניים','https://loremflickr.com/640/480?lock=58778',0,97),(281,'מעשי גומי כובע','https://loremflickr.com/640/480?lock=5839',0,98),(282,'עבודת יד בטון עוף','https://loremflickr.com/640/480?lock=45037',1,98),(283,'לא ממותג כותנה מחשב','https://loremflickr.com/640/480?lock=80245',0,98),(284,'לא ממותג גומי עכבר','https://loremflickr.com/640/480?lock=66896',0,99),(285,'אינטליגנטי מתכת כפפות','https://loremflickr.com/640/480?lock=55243',0,99),(286,'כפרי קפוא שולחן','https://loremflickr.com/640/480?lock=98689',1,99),(287,'מורשה קפוא אוטו','https://loremflickr.com/640/480?lock=26990',1,100),(288,'מְזוּקָק פלסטי אוטו','https://loremflickr.com/640/480?lock=88387',0,100),(289,'קטן גומי טונה','https://loremflickr.com/640/480?lock=22528',0,101),(290,'אינטליגנטי גומי אופניים','https://loremflickr.com/640/480?lock=51334',0,101),(291,'גנרית כותנה כובע','https://loremflickr.com/640/480?lock=89097',1,101),(292,'אינטליגנטי מתכת נעליים','https://loremflickr.com/640/480?lock=49552',0,102),(293,'מורשה בטון סלט','https://loremflickr.com/640/480?lock=20556',1,102),(294,'טעים בטון בייקון','https://loremflickr.com/640/480?lock=71640',0,102),(295,'מלוטש רך מגבות','https://loremflickr.com/640/480?lock=48595',1,103),(296,'פנטסטי פלדה גבינה','https://loremflickr.com/640/480?lock=67883',0,103),(297,'קטן כותנה עכבר','https://loremflickr.com/640/480?lock=10831',0,103),(298,'לא ממותג גומי מחשב','https://loremflickr.com/640/480?lock=46043',0,104),(299,'מלוטש פלסטי סלט','https://loremflickr.com/640/480?lock=51124',1,104),(300,'מְזוּקָק קפוא סלט','https://loremflickr.com/640/480?lock=99710',0,104),(301,'גנרית גרניט אופניים','https://loremflickr.com/640/480?lock=89913',0,105),(302,'פנטסטי פלסטי חולצה','https://loremflickr.com/640/480?lock=22635',0,105),(303,'קטן צַח חולצה','https://loremflickr.com/640/480?lock=77931',0,105),(304,'מורשה כותנה כיסא','https://loremflickr.com/640/480?lock=73827',1,105),(305,'ארגונומי קפוא שולחן','https://loremflickr.com/640/480?lock=39695',0,106),(306,'מלוטש צַח צ\'יפס','https://loremflickr.com/640/480?lock=446',1,106),(307,'מאוד יפה כותנה מכנסיים','https://loremflickr.com/640/480?lock=65303',1,107),(308,'כפרי פלדה צ\'יפס','https://loremflickr.com/640/480?lock=60419',0,107),(309,'כפרי קפוא מכנסיים','https://loremflickr.com/640/480?lock=38935',0,107),(310,'ארגונומי בטון כפפות','https://loremflickr.com/640/480?lock=16885',0,107),(311,'עבודת יד צַח בייקון','https://loremflickr.com/640/480?lock=12320',0,108),(312,'מאוד יפה קפוא אופניים','https://loremflickr.com/640/480?lock=64230',0,108),(313,'לא ממותג כותנה שולחן','https://loremflickr.com/640/480?lock=79946',0,108),(314,'מורשה קפוא מקלדת','https://loremflickr.com/640/480?lock=88045',0,108),(315,'גנרית קפוא נקניקיות','https://loremflickr.com/640/480?lock=67786',0,109),(316,'מאוד יפה עץ מכנסיים','https://loremflickr.com/640/480?lock=2413',0,109),(317,'מְזוּקָק פלסטי כיסא','https://loremflickr.com/640/480?lock=38517',0,109),(318,'טעים רך עוף','https://loremflickr.com/640/480?lock=38456',0,110),(319,'גנרית פלדה אופניים','https://loremflickr.com/640/480?lock=748',1,110),(320,'מעשי רך בייקון','https://loremflickr.com/640/480?lock=371',0,110),(321,'מעשי מתכת כיסא','https://loremflickr.com/640/480?lock=90225',0,111),(322,'קטן כותנה בייקון','https://loremflickr.com/640/480?lock=12468',0,111),(323,'עבודת יד כותנה דג','https://loremflickr.com/640/480?lock=31772',0,111),(324,'מְזוּקָק גומי סבון','https://loremflickr.com/640/480?lock=54595',0,111),(325,'כפרי פלדה בייקון','https://loremflickr.com/640/480?lock=44357',0,112),(326,'טעים כותנה כובע','https://loremflickr.com/640/480?lock=90597',0,112),(327,'מורשה בטון גבינה','https://loremflickr.com/640/480?lock=87861',1,112),(328,'כפרי רך גבינה','https://loremflickr.com/640/480?lock=56288',0,112),(329,'עבודת יד קפוא טונה','https://loremflickr.com/640/480?lock=55052',0,113),(330,'מאוד יפה גרניט נקניקיות','https://loremflickr.com/640/480?lock=56709',0,113),(331,'מעשי גומי כיסא','https://loremflickr.com/640/480?lock=54197',1,113),(332,'אינטליגנטי בטון פיצה','https://loremflickr.com/640/480?lock=66528',0,113),(333,'מורשה פלדה סלט','https://loremflickr.com/640/480?lock=16190',1,114),(334,'מְזוּקָק גומי סלט','https://loremflickr.com/640/480?lock=28980',0,114),(335,'לא ממותג בטון מגבות','https://loremflickr.com/640/480?lock=99355',0,115),(336,'כפרי גומי גבינה','https://loremflickr.com/640/480?lock=35441',1,115),(337,'אינטליגנטי גומי מחשב','https://loremflickr.com/640/480?lock=46048',0,115),(338,'לא ממותג רך מקלדת','https://loremflickr.com/640/480?lock=57322',0,115),(339,'מְזוּקָק גומי כדור','https://loremflickr.com/640/480?lock=75467',0,116),(340,'מורשה קפוא בייקון','https://loremflickr.com/640/480?lock=14292',0,116),(341,'טעים רך מקלדת','https://loremflickr.com/640/480?lock=82404',1,116),(342,'מעשי צַח דג','https://loremflickr.com/640/480?lock=60343',0,117),(343,'מעשי פלסטי עכבר','https://loremflickr.com/640/480?lock=40584',0,117),(344,'מורשה עץ חולצה','https://loremflickr.com/640/480?lock=289',0,117),(345,'מלוטש בטון סלט','https://loremflickr.com/640/480?lock=35393',0,117),(346,'ארגונומי פלדה סלט','https://loremflickr.com/640/480?lock=24844',0,118),(347,'מורשה רך צ\'יפס','https://loremflickr.com/640/480?lock=19996',0,118),(348,'אינטליגנטי גומי גבינה','https://loremflickr.com/640/480?lock=63747',0,118),(349,'מדהים רך חולצה','https://loremflickr.com/640/480?lock=44816',0,119),(350,'מורשה גרניט אופניים','https://loremflickr.com/640/480?lock=11842',0,119),(351,'כפרי גומי סלט','https://loremflickr.com/640/480?lock=88069',0,119),(352,'פנטסטי גומי עכבר','https://loremflickr.com/640/480?lock=6925',0,119),(353,'קטן רך גבינה','https://loremflickr.com/640/480?lock=25398',1,120),(354,'מְזוּקָק קפוא טונה','https://loremflickr.com/640/480?lock=40962',0,120),(355,'כפרי פלסטי גבינה','https://loremflickr.com/640/480?lock=74359',1,121),(356,'כפרי רך שולחן','https://loremflickr.com/640/480?lock=86770',0,121),(357,'קטן רך כדור','https://loremflickr.com/640/480?lock=53305',0,121),(358,'עבודת יד כותנה שולחן','https://loremflickr.com/640/480?lock=75518',0,122),(359,'מאוד יפה פלסטי מקלדת','https://loremflickr.com/640/480?lock=8322',0,122),(360,'טעים בטון סבון','https://loremflickr.com/640/480?lock=53167',1,123),(361,'גנרית מתכת שולחן','https://loremflickr.com/640/480?lock=20163',0,123),(362,'מְזוּקָק גומי עכבר','https://loremflickr.com/640/480?lock=73499',0,123),(363,'מְזוּקָק רך כדור','https://loremflickr.com/640/480?lock=46434',0,124),(364,'קטן פלסטי עוף','https://loremflickr.com/640/480?lock=47530',0,124),(365,'מלוטש רך סבון','https://loremflickr.com/640/480?lock=3408',0,124),(366,'כפרי גרניט צ\'יפס','https://loremflickr.com/640/480?lock=73829',0,125),(367,'אינטליגנטי קפוא מחשב','https://loremflickr.com/640/480?lock=91381',0,125),(368,'מלוטש רך עוף','https://loremflickr.com/640/480?lock=11445',0,125),(369,'מלוטש רך מקלדת','https://loremflickr.com/640/480?lock=70184',1,125),(370,'כפרי פלדה אוטו','https://loremflickr.com/640/480?lock=26311',0,126),(371,'קטן רך חולצה','https://loremflickr.com/640/480?lock=88139',1,126),(372,'פנטסטי פלדה כובע','https://loremflickr.com/640/480?lock=64182',0,127),(373,'כפרי רך אוטו','https://loremflickr.com/640/480?lock=30468',0,127),(374,'ארגונומי פלסטי סבון','https://loremflickr.com/640/480?lock=10667',1,127),(375,'מאוד יפה עץ עוף','https://loremflickr.com/640/480?lock=77206',0,127),(376,'מורשה גומי נעליים','https://loremflickr.com/640/480?lock=68542',0,128),(377,'מעשי גרניט צ\'יפס','https://loremflickr.com/640/480?lock=97161',0,128),(378,'מורשה בטון נעליים','https://loremflickr.com/640/480?lock=80187',0,128),(379,'מעשי כותנה כיסא','https://loremflickr.com/640/480?lock=86591',0,128),(380,'גנרית פלסטי אוטו','https://loremflickr.com/640/480?lock=51059',1,129),(381,'מורשה פלסטי חולצה','https://loremflickr.com/640/480?lock=63171',0,129),(382,'מלוטש בטון כדור','https://loremflickr.com/640/480?lock=61109',0,129),(383,'גנרית קפוא דג','https://loremflickr.com/640/480?lock=69882',0,130),(384,'מְזוּקָק פלדה טונה','https://loremflickr.com/640/480?lock=3349',1,130),(385,'אינטליגנטי רך נקניקיות','https://loremflickr.com/640/480?lock=4475',0,130),(386,'טעים פלסטי פיצה','https://loremflickr.com/640/480?lock=20668',0,130),(387,'מְזוּקָק פלסטי כדור','https://loremflickr.com/640/480?lock=64549',0,131),(388,'גנרית רך סלט','https://loremflickr.com/640/480?lock=99750',0,131),(389,'גנרית כותנה פיצה','https://loremflickr.com/640/480?lock=73208',1,131),(390,'מלוטש כותנה חולצה','https://loremflickr.com/640/480?lock=50119',1,132),(391,'גנרית מתכת נעליים','https://loremflickr.com/640/480?lock=42109',0,132),(392,'קטן פלסטי מחשב','https://loremflickr.com/640/480?lock=54851',0,133),(393,'פנטסטי מתכת נקניקיות','https://loremflickr.com/640/480?lock=30545',0,133),(394,'מאוד יפה צַח טונה','https://loremflickr.com/640/480?lock=61033',0,133),(395,'מאוד יפה גומי נקניקיות','https://loremflickr.com/640/480?lock=23468',0,133),(396,'טעים בטון מכנסיים','https://loremflickr.com/640/480?lock=38008',1,134),(397,'מורשה גרניט נקניקיות','https://loremflickr.com/640/480?lock=39995',0,134),(398,'טעים פלדה נעליים','https://loremflickr.com/640/480?lock=63454',0,134),(399,'פנטסטי רך חולצה','https://loremflickr.com/640/480?lock=11063',0,134),(400,'מדהים קפוא מגבות','https://loremflickr.com/640/480?lock=52617',0,135),(401,'לא ממותג בטון פיצה','https://loremflickr.com/640/480?lock=38897',0,135),(402,'אינטליגנטי רך סלט','https://loremflickr.com/640/480?lock=51357',0,135),(403,'מאוד יפה צַח צ\'יפס','https://loremflickr.com/640/480?lock=69240',0,136),(404,'ארגונומי פלדה דג','https://loremflickr.com/640/480?lock=6231',0,136),(405,'ארגונומי פלסטי מחשב','https://loremflickr.com/640/480?lock=10874',0,136),(406,'טעים מתכת מכנסיים','https://loremflickr.com/640/480?lock=62724',0,137),(407,'מורשה עץ מחשב','https://loremflickr.com/640/480?lock=89124',0,137),(408,'מורשה פלדה חולצה','https://loremflickr.com/640/480?lock=60793',0,137),(409,'מדהים גרניט נקניקיות','https://loremflickr.com/640/480?lock=2186',1,137),(410,'כפרי כותנה כפפות','https://loremflickr.com/640/480?lock=80666',0,138),(411,'ארגונומי פלסטי עוף','https://loremflickr.com/640/480?lock=13174',0,138),(412,'עבודת יד קפוא צ\'יפס','https://loremflickr.com/640/480?lock=55353',1,138),(413,'ארגונומי גרניט עכבר','https://loremflickr.com/640/480?lock=56599',0,139),(414,'מדהים גרניט גבינה','https://loremflickr.com/640/480?lock=13990',0,139),(415,'כפרי רך חולצה','https://loremflickr.com/640/480?lock=42442',0,139),(416,'גנרית פלדה עוף','https://loremflickr.com/640/480?lock=43240',1,139),(417,'מְזוּקָק עץ בייקון','https://loremflickr.com/640/480?lock=24125',0,140),(418,'מעשי עץ גבינה','https://loremflickr.com/640/480?lock=75398',0,140),(419,'מעשי גומי צ\'יפס','https://loremflickr.com/640/480?lock=50203',1,140),(420,'מְזוּקָק פלסטי שולחן','https://loremflickr.com/640/480?lock=55686',0,141),(421,'מְזוּקָק גומי כיסא','https://loremflickr.com/640/480?lock=91458',1,141),(422,'אינטליגנטי כותנה בייקון','https://loremflickr.com/640/480?lock=33334',0,141),(423,'אינטליגנטי פלדה מגבות','https://loremflickr.com/640/480?lock=99139',0,141),(424,'ארגונומי גרניט חולצה','https://loremflickr.com/640/480?lock=69217',1,142),(425,'ארגונומי עץ צ\'יפס','https://loremflickr.com/640/480?lock=42560',0,142),(426,'מְזוּקָק בטון אופניים','https://loremflickr.com/640/480?lock=92160',0,142),(427,'ארגונומי עץ טונה','https://loremflickr.com/640/480?lock=97080',0,142),(428,'גנרית מתכת צ\'יפס','https://loremflickr.com/640/480?lock=10817',0,143),(429,'לא ממותג מתכת נקניקיות','https://loremflickr.com/640/480?lock=9008',0,143),(430,'מאוד יפה רך גבינה','https://loremflickr.com/640/480?lock=47886',1,143),(431,'ארגונומי גומי סבון','https://loremflickr.com/640/480?lock=526',0,143),(432,'מעשי עץ צ\'יפס','https://loremflickr.com/640/480?lock=84327',1,144),(433,'מאוד יפה בטון סבון','https://loremflickr.com/640/480?lock=56810',0,144),(434,'אינטליגנטי רך חולצה','https://loremflickr.com/640/480?lock=94305',0,144),(435,'מעשי פלסטי בייקון','https://loremflickr.com/640/480?lock=15558',0,145),(436,'מאוד יפה קפוא חולצה','https://loremflickr.com/640/480?lock=51813',0,145),(437,'גנרית מתכת חולצה','https://loremflickr.com/640/480?lock=55159',0,145),(438,'ארגונומי כותנה מכנסיים','https://loremflickr.com/640/480?lock=36948',1,145),(439,'לא ממותג פלסטי בייקון','https://loremflickr.com/640/480?lock=36090',0,146),(440,'טעים צַח עוף','https://loremflickr.com/640/480?lock=12954',0,146),(441,'מורשה רך טונה','https://loremflickr.com/640/480?lock=75738',0,146),(442,'טעים מתכת פיצה','https://loremflickr.com/640/480?lock=56941',0,146),(443,'מלוטש גרניט מחשב','https://loremflickr.com/640/480?lock=24635',1,147),(444,'אינטליגנטי גומי דג','https://loremflickr.com/640/480?lock=18905',0,147),(445,'אינטליגנטי בטון סלט','https://loremflickr.com/640/480?lock=15720',0,147),(446,'פנטסטי פלדה מקלדת','https://loremflickr.com/640/480?lock=22791',1,148),(447,'לא ממותג פלסטי גבינה','https://loremflickr.com/640/480?lock=48496',0,148),(448,'לא ממותג קפוא כובע','https://loremflickr.com/640/480?lock=94621',0,148),(449,'מאוד יפה מתכת סלט','https://loremflickr.com/640/480?lock=88806',0,148),(450,'קטן בטון כיסא','https://loremflickr.com/640/480?lock=83623',0,149),(451,'מלוטש פלסטי כדור','https://loremflickr.com/640/480?lock=64997',0,149),(452,'קטן צַח טונה','https://loremflickr.com/640/480?lock=1603',0,149),(453,'לא ממותג קפוא שולחן','https://loremflickr.com/640/480?lock=38822',1,149),(454,'מדהים קפוא עכבר','https://loremflickr.com/640/480?lock=8142',0,150),(455,'פנטסטי רך דג','https://loremflickr.com/640/480?lock=70500',0,150),(456,'מורשה רך נעליים','https://loremflickr.com/640/480?lock=81795',0,150),(457,'מורשה פלדה מחשב','https://loremflickr.com/640/480?lock=38439',1,150),(458,'מְזוּקָק פלדה סבון','https://loremflickr.com/640/480?lock=92598',0,151),(459,'טעים צַח מקלדת','https://loremflickr.com/640/480?lock=4910',0,151),(460,'מְזוּקָק מתכת פיצה','https://loremflickr.com/640/480?lock=14272',0,151),(461,'מעשי גרניט חולצה','https://loremflickr.com/640/480?lock=79619',0,151),(462,'גנרית עץ כפפות','https://loremflickr.com/640/480?lock=47320',0,152),(463,'עבודת יד קפוא צ\'יפס','https://loremflickr.com/640/480?lock=88707',1,152),(464,'מדהים רך בייקון','https://loremflickr.com/640/480?lock=77549',0,153),(465,'מדהים פלסטי מכנסיים','https://loremflickr.com/640/480?lock=9707',1,153),(466,'עבודת יד גומי אופניים','https://loremflickr.com/640/480?lock=29476',0,153),(467,'טעים כותנה חולצה','https://loremflickr.com/640/480?lock=62460',0,153),(468,'מְזוּקָק פלסטי סלט','https://loremflickr.com/640/480?lock=73296',0,154),(469,'קטן רך פיצה','https://loremflickr.com/640/480?lock=63590',1,154),(470,'מדהים צַח כובע','https://loremflickr.com/640/480?lock=13524',0,154),(471,'פנטסטי פלדה בייקון','https://loremflickr.com/640/480?lock=23346',0,155),(472,'מורשה צַח מקלדת','https://loremflickr.com/640/480?lock=49143',0,155),(473,'טעים גומי מגבות','https://loremflickr.com/640/480?lock=99486',0,155),(474,'ארגונומי גרניט כדור','https://loremflickr.com/640/480?lock=33414',0,155),(475,'מאוד יפה קפוא סלט','https://loremflickr.com/640/480?lock=13075',0,156),(476,'אינטליגנטי עץ כפפות','https://loremflickr.com/640/480?lock=23587',0,156),(477,'מדהים רך כפפות','https://loremflickr.com/640/480?lock=63074',0,156),(478,'אינטליגנטי פלדה דג','https://loremflickr.com/640/480?lock=95946',0,156),(479,'מאוד יפה קפוא נקניקיות','https://loremflickr.com/640/480?lock=70020',1,157),(480,'אינטליגנטי פלדה מכנסיים','https://loremflickr.com/640/480?lock=59748',0,157),(481,'טעים פלדה נעליים','https://loremflickr.com/640/480?lock=43481',0,157),(482,'פנטסטי גרניט אוטו','https://loremflickr.com/640/480?lock=78503',0,158),(483,'לא ממותג קפוא כיסא','https://loremflickr.com/640/480?lock=16251',1,158),(484,'מורשה עץ עכבר','https://loremflickr.com/640/480?lock=89985',0,158),(485,'אינטליגנטי קפוא עוף','https://loremflickr.com/640/480?lock=58296',0,159),(486,'מעשי רך צ\'יפס','https://loremflickr.com/640/480?lock=23461',0,159),(487,'ארגונומי גרניט נעליים','https://loremflickr.com/640/480?lock=19886',0,160),(488,'מְזוּקָק בטון מגבות','https://loremflickr.com/640/480?lock=84709',0,160),(489,'טעים כותנה סבון','https://loremflickr.com/640/480?lock=96891',0,161),(490,'אינטליגנטי מתכת מקלדת','https://loremflickr.com/640/480?lock=617',0,161),(491,'ארגונומי קפוא מחשב','https://loremflickr.com/640/480?lock=75817',0,161),(492,'קטן פלסטי עוף','https://loremflickr.com/640/480?lock=42435',0,162),(493,'קטן צַח נקניקיות','https://loremflickr.com/640/480?lock=99100',1,162),(494,'מורשה פלסטי חולצה','https://loremflickr.com/640/480?lock=31176',0,162),(495,'קטן גרניט שולחן','https://loremflickr.com/640/480?lock=24839',0,163),(496,'קטן רך מכנסיים','https://loremflickr.com/640/480?lock=40572',0,163),(497,'פנטסטי עץ נעליים','https://loremflickr.com/640/480?lock=28912',1,163),(498,'גנרית בטון מכנסיים','https://loremflickr.com/640/480?lock=87060',0,164),(499,'מדהים רך בייקון','https://loremflickr.com/640/480?lock=34954',0,164),(500,'עבודת יד פלסטי מכנסיים','https://loremflickr.com/640/480?lock=48790',0,164),(501,'מעשי צַח סלט','https://loremflickr.com/640/480?lock=13928',1,164),(502,'עבודת יד רך טונה','https://loremflickr.com/640/480?lock=44456',0,165),(503,'ארגונומי מתכת נעליים','https://loremflickr.com/640/480?lock=37138',1,165),(504,'גנרית פלדה בייקון','https://loremflickr.com/640/480?lock=58090',0,165),(505,'עבודת יד גומי שולחן','https://loremflickr.com/640/480?lock=86609',0,165),(506,'טעים עץ גבינה','https://loremflickr.com/640/480?lock=94084',0,166),(507,'אינטליגנטי כותנה אוטו','https://loremflickr.com/640/480?lock=99192',1,166),(508,'מדהים בטון חולצה','https://loremflickr.com/640/480?lock=19866',0,167),(509,'ארגונומי קפוא מכנסיים','https://loremflickr.com/640/480?lock=55464',1,167),(510,'מדהים מתכת סלט','https://loremflickr.com/640/480?lock=23304',0,168),(511,'מְזוּקָק פלסטי טונה','https://loremflickr.com/640/480?lock=5645',0,168),(512,'לא ממותג קפוא כדור','https://loremflickr.com/640/480?lock=2494',0,168),(513,'פנטסטי פלדה אופניים','https://loremflickr.com/640/480?lock=44490',1,169),(514,'גנרית מתכת טונה','https://loremflickr.com/640/480?lock=70801',0,169),(515,'אינטליגנטי גומי מכנסיים','https://loremflickr.com/640/480?lock=2255',0,170),(516,'אינטליגנטי עץ גבינה','https://loremflickr.com/640/480?lock=1292',1,170),(517,'אינטליגנטי מתכת נקניקיות','https://loremflickr.com/640/480?lock=22092',0,171),(518,'מדהים צַח מקלדת','https://loremflickr.com/640/480?lock=25156',1,171),(519,'אינטליגנטי כותנה מכנסיים','https://loremflickr.com/640/480?lock=21074',0,171),(520,'גנרית מתכת נקניקיות','https://loremflickr.com/640/480?lock=57501',1,172),(521,'מאוד יפה עץ מכנסיים','https://loremflickr.com/640/480?lock=53550',0,172),(522,'ארגונומי בטון נעליים','https://loremflickr.com/640/480?lock=6614',0,172),(523,'פנטסטי צַח דג','https://loremflickr.com/640/480?lock=26890',0,172),(524,'מורשה גרניט בייקון','https://loremflickr.com/640/480?lock=68766',0,173),(525,'לא ממותג צַח סבון','https://loremflickr.com/640/480?lock=38242',1,173),(526,'טעים קפוא כיסא','https://loremflickr.com/640/480?lock=94952',0,173),(527,'פנטסטי בטון בייקון','https://loremflickr.com/640/480?lock=67941',0,173),(528,'מורשה צַח פיצה','https://loremflickr.com/640/480?lock=4088',1,174),(529,'פנטסטי גרניט דג','https://loremflickr.com/640/480?lock=26111',0,174),(530,'גנרית צַח עוף','https://loremflickr.com/640/480?lock=91343',0,175),(531,'פנטסטי מתכת מקלדת','https://loremflickr.com/640/480?lock=12274',0,175),(532,'מורשה גרניט נעליים','https://loremflickr.com/640/480?lock=45921',1,175),(533,'גנרית צַח מגבות','https://loremflickr.com/640/480?lock=55251',0,175),(534,'מורשה פלדה שולחן','https://loremflickr.com/640/480?lock=34192',0,176),(535,'פנטסטי קפוא נקניקיות','https://loremflickr.com/640/480?lock=93660',0,176),(536,'קטן עץ נעליים','https://loremflickr.com/640/480?lock=32519',0,176),(537,'קטן עץ מכנסיים','https://loremflickr.com/640/480?lock=31073',0,176),(538,'מְזוּקָק בטון סלט','https://loremflickr.com/640/480?lock=753',1,177),(539,'מְזוּקָק גומי עכבר','https://loremflickr.com/640/480?lock=43008',0,177),(540,'קטן פלסטי מכנסיים','https://loremflickr.com/640/480?lock=43703',0,178),(541,'עבודת יד רך צ\'יפס','https://loremflickr.com/640/480?lock=6727',0,178),(542,'פנטסטי גרניט מכנסיים','https://loremflickr.com/640/480?lock=39866',0,178),(543,'ארגונומי קפוא אופניים','https://loremflickr.com/640/480?lock=51973',1,178),(544,'גנרית עץ מחשב','https://loremflickr.com/640/480?lock=21638',1,179),(545,'מדהים מתכת סבון','https://loremflickr.com/640/480?lock=69106',0,179),(546,'מלוטש רך מחשב','https://loremflickr.com/640/480?lock=52136',0,179),(547,'גנרית כותנה פיצה','https://loremflickr.com/640/480?lock=75734',1,180),(548,'מלוטש פלדה מכנסיים','https://loremflickr.com/640/480?lock=17415',0,180),(549,'מְזוּקָק רך מכנסיים','https://loremflickr.com/640/480?lock=25256',0,181),(550,'מעשי צַח כפפות','https://loremflickr.com/640/480?lock=7985',1,181),(551,'מדהים עץ נקניקיות','https://loremflickr.com/640/480?lock=54934',0,181),(552,'ארגונומי מתכת בייקון','https://loremflickr.com/640/480?lock=23672',1,182),(553,'גנרית רך עכבר','https://loremflickr.com/640/480?lock=34585',0,182),(554,'מְזוּקָק צַח מקלדת','https://loremflickr.com/640/480?lock=58942',0,182),(555,'מְזוּקָק צַח כפפות','https://loremflickr.com/640/480?lock=38145',0,182),(556,'פנטסטי קפוא כדור','https://loremflickr.com/640/480?lock=2452',0,183),(557,'מורשה כותנה כפפות','https://loremflickr.com/640/480?lock=73153',0,183),(558,'מדהים רך מחשב','https://loremflickr.com/640/480?lock=18201',0,183),(559,'טעים פלדה עוף','https://loremflickr.com/640/480?lock=34953',1,183),(560,'מאוד יפה מתכת נעליים','https://loremflickr.com/640/480?lock=72537',0,184),(561,'כפרי כותנה מקלדת','https://loremflickr.com/640/480?lock=27687',0,184),(562,'עבודת יד כותנה כובע','https://loremflickr.com/640/480?lock=84117',1,184),(563,'גנרית כותנה מחשב','https://loremflickr.com/640/480?lock=10973',0,185),(564,'כפרי קפוא מקלדת','https://loremflickr.com/640/480?lock=55263',0,185),(565,'גנרית גומי עכבר','https://loremflickr.com/640/480?lock=77978',0,185),(566,'מעשי כותנה מחשב','https://loremflickr.com/640/480?lock=93588',1,185),(567,'עבודת יד מתכת פיצה','https://loremflickr.com/640/480?lock=54645',1,186),(568,'טעים גרניט חולצה','https://loremflickr.com/640/480?lock=12598',0,186),(569,'כפרי עץ עכבר','https://loremflickr.com/640/480?lock=41297',0,187),(570,'ארגונומי גומי עכבר','https://loremflickr.com/640/480?lock=7368',0,187),(571,'מְזוּקָק מתכת סבון','https://loremflickr.com/640/480?lock=16957',1,187),(572,'טעים רך נעליים','https://loremflickr.com/640/480?lock=88231',0,187),(573,'טעים צַח מחשב','https://loremflickr.com/640/480?lock=31461',0,188),(574,'עבודת יד צַח מחשב','https://loremflickr.com/640/480?lock=32730',0,188),(575,'גנרית גרניט דג','https://loremflickr.com/640/480?lock=67572',0,188),(576,'גנרית גומי גבינה','https://loremflickr.com/640/480?lock=96888',1,188),(577,'מעשי פלסטי צ\'יפס','https://loremflickr.com/640/480?lock=97211',0,189),(578,'מדהים צַח נעליים','https://loremflickr.com/640/480?lock=48072',1,189),(579,'גנרית צַח מכנסיים','https://loremflickr.com/640/480?lock=64306',0,189),(580,'פנטסטי בטון כדור','https://loremflickr.com/640/480?lock=28477',0,189),(581,'כפרי בטון מחשב','https://loremflickr.com/640/480?lock=97565',0,190),(582,'מלוטש קפוא אוטו','https://loremflickr.com/640/480?lock=15055',1,190),(583,'טעים עץ עוף','https://loremflickr.com/640/480?lock=74252',0,191),(584,'מאוד יפה כותנה כדור','https://loremflickr.com/640/480?lock=52416',0,191),(585,'מורשה גרניט צ\'יפס','https://loremflickr.com/640/480?lock=42021',0,191),(586,'מדהים פלסטי כדור','https://loremflickr.com/640/480?lock=45517',1,191),(587,'מלוטש עץ שולחן','https://loremflickr.com/640/480?lock=96074',0,192),(588,'כפרי בטון כובע','https://loremflickr.com/640/480?lock=65179',0,192),(589,'אינטליגנטי קפוא טונה','https://loremflickr.com/640/480?lock=53846',1,192),(590,'לא ממותג קפוא נעליים','https://loremflickr.com/640/480?lock=30464',1,193),(591,'מְזוּקָק רך סלט','https://loremflickr.com/640/480?lock=7592',0,193),(592,'פנטסטי עץ כובע','https://loremflickr.com/640/480?lock=39794',0,194),(593,'טעים גרניט עוף','https://loremflickr.com/640/480?lock=47794',0,194),(594,'מורשה קפוא כיסא','https://loremflickr.com/640/480?lock=11608',1,194),(595,'עבודת יד גרניט חולצה','https://loremflickr.com/640/480?lock=12270',0,195),(596,'ארגונומי פלסטי גבינה','https://loremflickr.com/640/480?lock=26387',0,195),(597,'קטן קפוא נקניקיות','https://loremflickr.com/640/480?lock=66363',0,195),(598,'טעים קפוא מקלדת','https://loremflickr.com/640/480?lock=44743',0,196),(599,'מלוטש בטון מכנסיים','https://loremflickr.com/640/480?lock=69069',0,196),(600,'כפרי גרניט כדור','https://loremflickr.com/640/480?lock=19186',1,196),(601,'עבודת יד פלסטי כיסא','https://loremflickr.com/640/480?lock=75717',0,196),(602,'מְזוּקָק צַח צ\'יפס','https://loremflickr.com/640/480?lock=37147',0,197),(603,'קטן צַח כדור','https://loremflickr.com/640/480?lock=122',0,197),(604,'מורשה מתכת נקניקיות','https://loremflickr.com/640/480?lock=25095',0,197),(605,'מעשי פלסטי סבון','https://loremflickr.com/640/480?lock=94817',0,198),(606,'אינטליגנטי צַח מחשב','https://loremflickr.com/640/480?lock=65326',0,198),(607,'גנרית פלסטי עוף','https://loremflickr.com/640/480?lock=87558',1,198),(608,'מדהים מתכת דג','https://loremflickr.com/640/480?lock=18209',1,199),(609,'מעשי צַח אופניים','https://loremflickr.com/640/480?lock=61742',0,199),(610,'מלוטש בטון נעליים','https://loremflickr.com/640/480?lock=83755',0,199),(611,'מאוד יפה בטון כפפות','https://loremflickr.com/640/480?lock=16955',0,200),(612,'טעים פלסטי צ\'יפס','https://loremflickr.com/640/480?lock=63223',0,200),(613,'קטן פלסטי עכבר','https://loremflickr.com/640/480?lock=95768',0,201),(614,'מדהים רך סבון','https://loremflickr.com/640/480?lock=77737',1,201),(615,'מעשי קפוא סלט','https://loremflickr.com/640/480?lock=95709',0,201),(616,'קטן עץ פיצה','https://loremflickr.com/640/480?lock=66461',0,201),(617,'מורשה עץ שולחן','https://loremflickr.com/640/480?lock=39834',0,202),(618,'קטן בטון מחשב','https://loremflickr.com/640/480?lock=8186',0,202),(619,'מלוטש קפוא גבינה','https://loremflickr.com/640/480?lock=56193',1,202),(620,'כפרי פלסטי סבון','https://loremflickr.com/640/480?lock=77780',0,202),(621,'גנרית פלסטי נעליים','https://loremflickr.com/640/480?lock=61863',0,203),(622,'לא ממותג כותנה מקלדת','https://loremflickr.com/640/480?lock=42537',0,203),(623,'גנרית עץ אופניים','https://loremflickr.com/640/480?lock=38998',0,204),(624,'מְזוּקָק פלסטי כובע','https://loremflickr.com/640/480?lock=74859',0,204),(625,'טעים בטון אוטו','https://loremflickr.com/640/480?lock=68152',1,204),(626,'מאוד יפה עץ עכבר','https://loremflickr.com/640/480?lock=73424',0,205),(627,'כפרי פלדה מגבות','https://loremflickr.com/640/480?lock=19605',0,205),(628,'עבודת יד גומי שולחן','https://loremflickr.com/640/480?lock=92014',0,206),(629,'עבודת יד צַח כפפות','https://loremflickr.com/640/480?lock=34495',0,206),(630,'מְזוּקָק צַח מחשב','https://loremflickr.com/640/480?lock=18313',0,207),(631,'מְזוּקָק כותנה אופניים','https://loremflickr.com/640/480?lock=16788',1,207),(632,'מאוד יפה צַח מקלדת','https://loremflickr.com/640/480?lock=28719',0,208),(633,'פנטסטי רך מגבות','https://loremflickr.com/640/480?lock=1696',0,208),(634,'מְזוּקָק קפוא מקלדת','https://loremflickr.com/640/480?lock=24219',0,209),(635,'קטן מתכת נעליים','https://loremflickr.com/640/480?lock=79165',1,209),(636,'טעים פלסטי פיצה','https://loremflickr.com/640/480?lock=7012',0,210),(637,'גנרית עץ אופניים','https://loremflickr.com/640/480?lock=28247',0,210),(638,'כפרי מתכת כפפות','https://loremflickr.com/640/480?lock=50600',0,210),(639,'מעשי עץ נעליים','https://loremflickr.com/640/480?lock=4834',0,210),(640,'מאוד יפה בטון סלט','https://loremflickr.com/640/480?lock=72016',1,211),(641,'כפרי רך דג','https://loremflickr.com/640/480?lock=8213',0,211),(642,'מאוד יפה פלסטי מחשב','https://loremflickr.com/640/480?lock=97030',0,211),(643,'מאוד יפה גומי מקלדת','https://loremflickr.com/640/480?lock=16985',0,211),(644,'קטן כותנה עכבר','https://loremflickr.com/640/480?lock=96935',0,212),(645,'עבודת יד גרניט נעליים','https://loremflickr.com/640/480?lock=70560',0,212),(646,'ארגונומי גרניט גבינה','https://loremflickr.com/640/480?lock=48657',0,213),(647,'אינטליגנטי פלדה מכנסיים','https://loremflickr.com/640/480?lock=81289',0,213),(648,'אינטליגנטי גומי מכנסיים','https://loremflickr.com/640/480?lock=27919',0,213),(649,'עבודת יד גומי שולחן','https://loremflickr.com/640/480?lock=54243',0,214),(650,'מורשה גומי בייקון','https://loremflickr.com/640/480?lock=21916',1,214),(651,'כפרי פלסטי אופניים','https://loremflickr.com/640/480?lock=44488',0,215),(652,'מעשי כותנה מכנסיים','https://loremflickr.com/640/480?lock=9932',0,215),(653,'כפרי צַח שולחן','https://loremflickr.com/640/480?lock=14589',0,215),(654,'מְזוּקָק עץ כיסא','https://loremflickr.com/640/480?lock=61295',1,216),(655,'מלוטש צַח חולצה','https://loremflickr.com/640/480?lock=86917',0,216),(656,'טעים גומי כדור','https://loremflickr.com/640/480?lock=15664',0,217),(657,'קטן פלסטי מגבות','https://loremflickr.com/640/480?lock=28433',1,217),(658,'מדהים צַח כיסא','https://loremflickr.com/640/480?lock=29633',1,218),(659,'כפרי כותנה מקלדת','https://loremflickr.com/640/480?lock=81065',0,218),(660,'מלוטש בטון אוטו','https://loremflickr.com/640/480?lock=1650',0,218),(661,'מדהים פלסטי מקלדת','https://loremflickr.com/640/480?lock=47786',0,218),(662,'לא ממותג גומי מחשב','https://loremflickr.com/640/480?lock=83585',1,219),(663,'פנטסטי עץ בייקון','https://loremflickr.com/640/480?lock=36632',0,219),(664,'אינטליגנטי מתכת כיסא','https://loremflickr.com/640/480?lock=26304',0,219),(665,'גנרית בטון מכנסיים','https://loremflickr.com/640/480?lock=53870',1,220),(666,'טעים גרניט שולחן','https://loremflickr.com/640/480?lock=5910',0,220),(667,'מְזוּקָק גרניט כובע','https://loremflickr.com/640/480?lock=88185',0,221),(668,'אינטליגנטי קפוא כדור','https://loremflickr.com/640/480?lock=74787',1,221),(669,'אינטליגנטי פלדה אוטו','https://loremflickr.com/640/480?lock=23212',0,221),(670,'מעשי גומי סבון','https://loremflickr.com/640/480?lock=82645',0,222),(671,'מאוד יפה גומי חולצה','https://loremflickr.com/640/480?lock=68469',1,222),(672,'מאוד יפה פלדה גבינה','https://loremflickr.com/640/480?lock=32767',0,222),(673,'גנרית מתכת כיסא','https://loremflickr.com/640/480?lock=63534',0,223),(674,'פנטסטי רך כדור','https://loremflickr.com/640/480?lock=44013',0,223),(675,'גנרית רך נעליים','https://loremflickr.com/640/480?lock=47240',0,223),(676,'מאוד יפה כותנה עכבר','https://loremflickr.com/640/480?lock=68610',0,223),(677,'עבודת יד בטון סלט','https://loremflickr.com/640/480?lock=26210',1,224),(678,'מעשי עץ אופניים','https://loremflickr.com/640/480?lock=67756',0,224),(679,'ארגונומי מתכת כפפות','https://loremflickr.com/640/480?lock=17635',0,224),(680,'פנטסטי צַח מגבות','https://loremflickr.com/640/480?lock=22865',0,225),(681,'טעים קפוא שולחן','https://loremflickr.com/640/480?lock=69860',0,225),(682,'טעים כותנה טונה','https://loremflickr.com/640/480?lock=6401',0,226),(683,'אינטליגנטי צַח סלט','https://loremflickr.com/640/480?lock=41319',1,226),(684,'גנרית צַח סבון','https://loremflickr.com/640/480?lock=79148',0,227),(685,'טעים כותנה מגבות','https://loremflickr.com/640/480?lock=34450',1,227),(686,'מורשה גרניט צ\'יפס','https://loremflickr.com/640/480?lock=89770',0,227),(687,'עבודת יד צַח אופניים','https://loremflickr.com/640/480?lock=33892',0,228),(688,'מאוד יפה מתכת דג','https://loremflickr.com/640/480?lock=35622',1,228),(689,'כפרי פלדה כיסא','https://loremflickr.com/640/480?lock=9789',0,228),(690,'ארגונומי פלסטי כיסא','https://loremflickr.com/640/480?lock=41093',0,229),(691,'גנרית מתכת שולחן','https://loremflickr.com/640/480?lock=77020',0,229),(692,'מאוד יפה גרניט עכבר','https://loremflickr.com/640/480?lock=9971',0,229),(693,'טעים קפוא אוטו','https://loremflickr.com/640/480?lock=47406',1,229),(694,'לא ממותג מתכת עוף','https://loremflickr.com/640/480?lock=25888',0,230),(695,'ארגונומי רך טונה','https://loremflickr.com/640/480?lock=92388',0,230),(696,'עבודת יד גרניט נקניקיות','https://loremflickr.com/640/480?lock=25031',1,231),(697,'ארגונומי צַח צ\'יפס','https://loremflickr.com/640/480?lock=52569',0,231),(698,'עבודת יד צַח אופניים','https://loremflickr.com/640/480?lock=68969',0,231),(699,'כפרי בטון טונה','https://loremflickr.com/640/480?lock=90356',0,231),(700,'עבודת יד מתכת עכבר','https://loremflickr.com/640/480?lock=64932',0,232),(701,'מאוד יפה פלסטי מגבות','https://loremflickr.com/640/480?lock=57466',0,232),(702,'פנטסטי רך דג','https://loremflickr.com/640/480?lock=31121',0,232),(703,'מורשה מתכת שולחן','https://loremflickr.com/640/480?lock=76576',0,233),(704,'לא ממותג מתכת כפפות','https://loremflickr.com/640/480?lock=83079',0,233),(705,'ארגונומי כותנה דג','https://loremflickr.com/640/480?lock=93833',1,233),(706,'ארגונומי מתכת כפפות','https://loremflickr.com/640/480?lock=54367',0,234),(707,'אינטליגנטי צַח מקלדת','https://loremflickr.com/640/480?lock=5008',0,234),(708,'כפרי מתכת סלט','https://loremflickr.com/640/480?lock=99169',0,234),(709,'עבודת יד פלדה סבון','https://loremflickr.com/640/480?lock=76019',0,235),(710,'פנטסטי בטון מקלדת','https://loremflickr.com/640/480?lock=61915',0,235),(711,'מדהים פלדה חולצה','https://loremflickr.com/640/480?lock=71212',0,236),(712,'מלוטש כותנה אופניים','https://loremflickr.com/640/480?lock=58608',1,236),(713,'לא ממותג פלסטי כיסא','https://loremflickr.com/640/480?lock=2412',0,237),(714,'מלוטש צַח כיסא','https://loremflickr.com/640/480?lock=92492',0,237),(715,'פנטסטי עץ צ\'יפס','https://loremflickr.com/640/480?lock=28710',0,237),(716,'מלוטש מתכת פיצה','https://loremflickr.com/640/480?lock=18336',0,237),(717,'מורשה גרניט צ\'יפס','https://loremflickr.com/640/480?lock=64474',0,238),(718,'מלוטש כותנה נעליים','https://loremflickr.com/640/480?lock=72349',1,238),(719,'מעשי פלדה כדור','https://loremflickr.com/640/480?lock=17434',0,238),(720,'קטן כותנה נעליים','https://loremflickr.com/640/480?lock=58852',0,239),(721,'כפרי פלדה כובע','https://loremflickr.com/640/480?lock=33962',0,239),(722,'כפרי מתכת בייקון','https://loremflickr.com/640/480?lock=93988',0,239),(723,'עבודת יד צַח כיסא','https://loremflickr.com/640/480?lock=91417',1,239),(724,'טעים רך מכנסיים','https://loremflickr.com/640/480?lock=99690',0,240),(725,'עבודת יד קפוא מכנסיים','https://loremflickr.com/640/480?lock=62022',0,240),(726,'קטן גרניט מגבות','https://loremflickr.com/640/480?lock=67057',1,241),(727,'מורשה רך כדור','https://loremflickr.com/640/480?lock=13497',0,241),(728,'ארגונומי פלדה סלט','https://loremflickr.com/640/480?lock=86',0,241),(729,'מְזוּקָק קפוא כיסא','/image/0qru9m0OaZEgyP2ccTPQdgLScrhcix4h.png',0,242),(730,'ארגונומי רך כדור','https://loremflickr.com/640/480?lock=64913',0,242),(731,'עבודת יד פלדה עוף','/image/fq0mS7M7L8AttHyT2XupENXSWNL69VzH.png',0,242),(732,'אינטליגנטי רך עכבר','https://loremflickr.com/640/480?lock=52957',1,242),(733,'ארגונומי פלדה מקלדת','https://loremflickr.com/640/480?lock=49837',0,243),(734,'מדהים קפוא חולצה','https://loremflickr.com/640/480?lock=96031',1,243),(735,'טעים פלסטי מגבות','https://loremflickr.com/640/480?lock=28855',0,243),(736,'קטן צַח סבון','https://loremflickr.com/640/480?lock=8990',0,244),(737,'לא ממותג כותנה כדור','https://loremflickr.com/640/480?lock=46838',0,244),(738,'כפרי גרניט בייקון','https://loremflickr.com/640/480?lock=33415',1,245),(739,'גנרית בטון כובע','https://loremflickr.com/640/480?lock=7369',0,245),(740,'כפרי גרניט בייקון','https://loremflickr.com/640/480?lock=33415',1,246),(741,'גנרית בטון כובע','https://loremflickr.com/640/480?lock=7369',0,246),(742,'כפרי גרניט בייקון','https://loremflickr.com/640/480?lock=33415',1,247),(743,'גנרית בטון כובע','https://loremflickr.com/640/480?lock=7369',0,247);
/*!40000 ALTER TABLE `answer` ENABLE KEYS */;
UNLOCK TABLES;

--
-- Table structure for table `email_spam`
--

DROP TABLE IF EXISTS `email_spam`;
/*!40101 SET @saved_cs_client     = @@character_set_client */;
/*!50503 SET character_set_client = utf8mb4 */;
CREATE TABLE `email_spam` (
  `id` int NOT NULL AUTO_INCREMENT,
  `email` varchar(70) NOT NULL,
  PRIMARY KEY (`id`),
  UNIQUE KEY `IDX_52eb087e1598863b2f09fc1534` (`email`)
) ENGINE=InnoDB DEFAULT CHARSET=utf8mb4 COLLATE=utf8mb4_0900_ai_ci;
/*!40101 SET character_set_client = @saved_cs_client */;

--
-- Dumping data for table `email_spam`
--

LOCK TABLES `email_spam` WRITE;
/*!40000 ALTER TABLE `email_spam` DISABLE KEYS */;
/*!40000 ALTER TABLE `email_spam` ENABLE KEYS */;
UNLOCK TABLES;

--
-- Table structure for table `password`
--

DROP TABLE IF EXISTS `password`;
/*!40101 SET @saved_cs_client     = @@character_set_client */;
/*!50503 SET character_set_client = utf8mb4 */;
CREATE TABLE `password` (
  `id` int NOT NULL AUTO_INCREMENT,
  `password` varchar(255) NOT NULL,
  `user_id` varchar(36) DEFAULT NULL,
  PRIMARY KEY (`id`),
  UNIQUE KEY `REL_4cd77c9b2e2522ee9d3671b3bc` (`user_id`),
  CONSTRAINT `FK_4cd77c9b2e2522ee9d3671b3bc1` FOREIGN KEY (`user_id`) REFERENCES `user` (`id`) ON DELETE CASCADE ON UPDATE CASCADE
) ENGINE=InnoDB DEFAULT CHARSET=utf8mb4 COLLATE=utf8mb4_0900_ai_ci;
/*!40101 SET character_set_client = @saved_cs_client */;

--
-- Dumping data for table `password`
--

LOCK TABLES `password` WRITE;
/*!40000 ALTER TABLE `password` DISABLE KEYS */;
/*!40000 ALTER TABLE `password` ENABLE KEYS */;
UNLOCK TABLES;

--
-- Table structure for table `question`
--

DROP TABLE IF EXISTS `question`;
/*!40101 SET @saved_cs_client     = @@character_set_client */;
/*!50503 SET character_set_client = utf8mb4 */;
CREATE TABLE `question` (
  `id` int NOT NULL AUTO_INCREMENT,
  `title` varchar(255) NOT NULL,
  `image_url` varchar(255) DEFAULT NULL,
  `quiz_id` int NOT NULL,
  PRIMARY KEY (`id`),
  KEY `FK_aecfc55f7d8e7bb703193e03118` (`quiz_id`),
  CONSTRAINT `FK_aecfc55f7d8e7bb703193e03118` FOREIGN KEY (`quiz_id`) REFERENCES `quiz` (`id`) ON DELETE CASCADE ON UPDATE CASCADE
) ENGINE=InnoDB AUTO_INCREMENT=248 DEFAULT CHARSET=utf8mb4 COLLATE=utf8mb4_0900_ai_ci;
/*!40101 SET character_set_client = @saved_cs_client */;

--
-- Dumping data for table `question`
--

LOCK TABLES `question` WRITE;
/*!40000 ALTER TABLE `question` DISABLE KEYS */;
INSERT INTO `question` VALUES (16,'כפרי עץ בייקון','https://loremflickr.com/640/480?lock=22376',4),(17,'מְזוּקָק גומי שולחן','https://loremflickr.com/640/480?lock=35762',4),(18,'לא ממותג בטון עכבר','https://loremflickr.com/640/480?lock=5369',4),(19,'טעים בטון שולחן','https://loremflickr.com/640/480?lock=56246',4),(20,'כפרי גומי עוף','https://loremflickr.com/640/480?lock=38091',4),(21,'מלוטש מתכת נעליים','https://loremflickr.com/640/480?lock=61869',5),(22,'עבודת יד רך אופניים','https://loremflickr.com/640/480?lock=27471',5),(23,'ארגונומי פלדה כפפות','https://loremflickr.com/640/480?lock=3646',5),(24,'לא ממותג גרניט חולצה','https://loremflickr.com/640/480?lock=58384',5),(25,'כפרי פלסטי כפפות','https://loremflickr.com/640/480?lock=16043',6),(26,'עבודת יד מתכת מקלדת','https://loremflickr.com/640/480?lock=3788',6),(27,'גנרית רך מכנסיים','https://loremflickr.com/640/480?lock=51842',6),(28,'מעשי עץ עכבר','https://loremflickr.com/640/480?lock=12277',6),(29,'טעים כותנה חולצה','https://loremflickr.com/640/480?lock=15662',6),(30,'כפרי כותנה גבינה','https://loremflickr.com/640/480?lock=16393',6),(31,'מדהים מתכת מקלדת','https://loremflickr.com/640/480?lock=39987',6),(32,'גנרית עץ צ\'יפס','https://loremflickr.com/640/480?lock=83021',6),(33,'מלוטש כותנה כובע','https://loremflickr.com/640/480?lock=65669',6),(34,'קטן גומי צ\'יפס','https://loremflickr.com/640/480?lock=44162',6),(35,'לא ממותג פלסטי אוטו','https://loremflickr.com/640/480?lock=50502',7),(36,'מאוד יפה כותנה מכנסיים','https://loremflickr.com/640/480?lock=9233',7),(37,'טעים עץ חולצה','https://loremflickr.com/640/480?lock=16565',7),(38,'מלוטש כותנה סבון','https://loremflickr.com/640/480?lock=57886',7),(39,'אינטליגנטי מתכת גבינה','https://loremflickr.com/640/480?lock=96455',7),(40,'מלוטש גומי מחשב','https://loremflickr.com/640/480?lock=86110',7),(41,'מורשה רך צ\'יפס','https://loremflickr.com/640/480?lock=89054',7),(42,'קטן כותנה סבון','https://loremflickr.com/640/480?lock=77766',7),(43,'קטן צַח גבינה','https://loremflickr.com/640/480?lock=90771',7),(44,'פנטסטי מתכת גבינה','https://loremflickr.com/640/480?lock=47700',7),(45,'מעשי קפוא כפפות','https://loremflickr.com/640/480?lock=135',8),(46,'לא ממותג רך שולחן','https://loremflickr.com/640/480?lock=3576',8),(47,'גנרית גומי גבינה','https://loremflickr.com/640/480?lock=902',8),(48,'מורשה עץ עוף','https://loremflickr.com/640/480?lock=34191',8),(49,'פנטסטי פלדה מקלדת','https://loremflickr.com/640/480?lock=23337',8),(50,'טעים מתכת כפפות','https://loremflickr.com/640/480?lock=32191',8),(51,'כפרי בטון סלט','https://loremflickr.com/640/480?lock=58588',9),(52,'לא ממותג גומי מחשב','https://loremflickr.com/640/480?lock=17847',9),(53,'מעשי גרניט שולחן','https://loremflickr.com/640/480?lock=56541',9),(54,'פנטסטי בטון סלט','https://loremflickr.com/640/480?lock=18535',9),(55,'לא ממותג מתכת סבון','https://loremflickr.com/640/480?lock=53453',9),(56,'כפרי גרניט בייקון','https://loremflickr.com/640/480?lock=75574',9),(57,'קטן עץ צ\'יפס','https://loremflickr.com/640/480?lock=8713',9),(58,'לא ממותג עץ בייקון','https://loremflickr.com/640/480?lock=87928',9),(59,'פנטסטי קפוא מקלדת','https://loremflickr.com/640/480?lock=96417',9),(60,'גנרית פלסטי מקלדת','https://loremflickr.com/640/480?lock=68102',10),(61,'לא ממותג גרניט כובע','https://loremflickr.com/640/480?lock=35237',10),(62,'גנרית פלסטי מכנסיים','https://loremflickr.com/640/480?lock=61332',10),(63,'טעים בטון עכבר','https://loremflickr.com/640/480?lock=17987',11),(64,'מְזוּקָק צַח חולצה','https://loremflickr.com/640/480?lock=71546',11),(65,'ארגונומי בטון שולחן','https://loremflickr.com/640/480?lock=44907',11),(66,'מדהים צַח מכנסיים','https://loremflickr.com/640/480?lock=28288',11),(67,'מורשה רך אופניים','https://loremflickr.com/640/480?lock=54081',12),(68,'ארגונומי גומי אוטו','https://loremflickr.com/640/480?lock=31509',12),(69,'מאוד יפה בטון עוף','https://loremflickr.com/640/480?lock=77204',12),(70,'עבודת יד רך חולצה','https://loremflickr.com/640/480?lock=63196',12),(71,'ארגונומי מתכת טונה','https://loremflickr.com/640/480?lock=33119',12),(72,'מלוטש כותנה עכבר','https://loremflickr.com/640/480?lock=71307',12),(73,'כפרי גרניט בייקון','https://loremflickr.com/640/480?lock=89521',12),(74,'מדהים צַח מחשב','https://loremflickr.com/640/480?lock=59882',12),(75,'מְזוּקָק בטון מקלדת','https://loremflickr.com/640/480?lock=95967',13),(76,'עבודת יד כותנה חולצה','https://loremflickr.com/640/480?lock=42617',13),(77,'מאוד יפה בטון גבינה','https://loremflickr.com/640/480?lock=13612',13),(78,'מורשה גומי פיצה','https://loremflickr.com/640/480?lock=61018',13),(79,'מאוד יפה מתכת פיצה','https://loremflickr.com/640/480?lock=80500',13),(80,'מדהים פלדה מכנסיים','https://loremflickr.com/640/480?lock=14407',13),(81,'כפרי פלדה מכנסיים','https://loremflickr.com/640/480?lock=79799',13),(82,'ארגונומי מתכת בייקון','https://loremflickr.com/640/480?lock=63992',13),(83,'אינטליגנטי מתכת כיסא','https://loremflickr.com/640/480?lock=82160',13),(84,'מורשה קפוא סלט','https://loremflickr.com/640/480?lock=80009',13),(85,'מאוד יפה פלדה מחשב','https://loremflickr.com/640/480?lock=46346',14),(86,'פנטסטי פלסטי טונה','https://loremflickr.com/640/480?lock=59486',14),(87,'מעשי עץ מחשב','https://loremflickr.com/640/480?lock=34392',14),(88,'מורשה גרניט מגבות','https://loremflickr.com/640/480?lock=42772',14),(89,'אינטליגנטי קפוא עכבר','https://loremflickr.com/640/480?lock=92019',14),(90,'כפרי פלדה כיסא','https://loremflickr.com/640/480?lock=92868',14),(91,'עבודת יד צַח נעליים','https://loremflickr.com/640/480?lock=99955',14),(92,'מורשה רך צ\'יפס','https://loremflickr.com/640/480?lock=77917',14),(93,'ארגונומי כותנה אופניים','https://loremflickr.com/640/480?lock=6648',15),(94,'מלוטש פלסטי נעליים','https://loremflickr.com/640/480?lock=29891',15),(95,'גנרית כותנה גבינה','https://loremflickr.com/640/480?lock=8711',15),(96,'גנרית גומי כיסא','https://loremflickr.com/640/480?lock=42586',15),(97,'עבודת יד צַח שולחן','https://loremflickr.com/640/480?lock=90526',15),(98,'מאוד יפה מתכת צ\'יפס','https://loremflickr.com/640/480?lock=75113',15),(99,'לא ממותג גרניט גבינה','https://loremflickr.com/640/480?lock=11437',15),(100,'אינטליגנטי גרניט נקניקיות','https://loremflickr.com/640/480?lock=48622',15),(101,'מדהים גומי כפפות','https://loremflickr.com/640/480?lock=88978',16),(102,'עבודת יד קפוא מכנסיים','https://loremflickr.com/640/480?lock=67449',16),(103,'פנטסטי קפוא סלט','https://loremflickr.com/640/480?lock=16721',16),(104,'מורשה בטון סלט','https://loremflickr.com/640/480?lock=17570',16),(105,'מאוד יפה מתכת כפפות','https://loremflickr.com/640/480?lock=55962',16),(106,'מאוד יפה פלסטי סלט','https://loremflickr.com/640/480?lock=56752',16),(107,'לא ממותג פלסטי מחשב','https://loremflickr.com/640/480?lock=38045',16),(108,'מאוד יפה כותנה נעליים','https://loremflickr.com/640/480?lock=18292',17),(109,'מדהים כותנה דג','https://loremflickr.com/640/480?lock=99621',17),(110,'עבודת יד עץ פיצה','https://loremflickr.com/640/480?lock=5475',17),(111,'מדהים פלדה סלט','https://loremflickr.com/640/480?lock=1639',17),(112,'אינטליגנטי מתכת סבון','https://loremflickr.com/640/480?lock=82359',17),(113,'קטן פלסטי נעליים','https://loremflickr.com/640/480?lock=29004',17),(114,'מְזוּקָק פלסטי נעליים','https://loremflickr.com/640/480?lock=57611',17),(115,'טעים גומי חולצה','https://loremflickr.com/640/480?lock=55394',17),(116,'עבודת יד מתכת אוטו','https://loremflickr.com/640/480?lock=7717',17),(117,'מְזוּקָק גומי חולצה','https://loremflickr.com/640/480?lock=73280',17),(118,'מלוטש קפוא גבינה','https://loremflickr.com/640/480?lock=32758',18),(119,'לא ממותג עץ חולצה','https://loremflickr.com/640/480?lock=63495',18),(120,'מורשה רך מגבות','https://loremflickr.com/640/480?lock=76314',18),(121,'מורשה צַח מגבות','https://loremflickr.com/640/480?lock=77571',18),(122,'טעים קפוא אופניים','https://loremflickr.com/640/480?lock=86226',18),(123,'מדהים קפוא שולחן','https://loremflickr.com/640/480?lock=96927',18),(124,'עבודת יד מתכת מגבות','https://loremflickr.com/640/480?lock=83342',19),(125,'טעים כותנה עוף','https://loremflickr.com/640/480?lock=44987',19),(126,'מְזוּקָק עץ אופניים','https://loremflickr.com/640/480?lock=66330',19),(127,'ארגונומי בטון נעליים','https://loremflickr.com/640/480?lock=38741',19),(128,'מאוד יפה עץ מחשב','https://loremflickr.com/640/480?lock=54310',19),(129,'כפרי גרניט נעליים','https://loremflickr.com/640/480?lock=8875',19),(130,'מלוטש רך נעליים','https://loremflickr.com/640/480?lock=32706',19),(131,'טעים פלסטי עכבר','https://loremflickr.com/640/480?lock=67379',19),(132,'עבודת יד פלדה נעליים','https://loremflickr.com/640/480?lock=81859',19),(133,'לא ממותג פלסטי סבון','https://loremflickr.com/640/480?lock=24244',20),(134,'אינטליגנטי צַח סלט','https://loremflickr.com/640/480?lock=34173',20),(135,'לא ממותג קפוא עכבר','https://loremflickr.com/640/480?lock=4228',20),(136,'טעים פלסטי מחשב','https://loremflickr.com/640/480?lock=99444',20),(137,'פנטסטי מתכת בייקון','https://loremflickr.com/640/480?lock=10106',20),(138,'ארגונומי גומי אוטו','https://loremflickr.com/640/480?lock=60137',20),(139,'אינטליגנטי מתכת אופניים','https://loremflickr.com/640/480?lock=25782',20),(140,'טעים קפוא מכנסיים','https://loremflickr.com/640/480?lock=98667',20),(141,'מעשי קפוא טונה','https://loremflickr.com/640/480?lock=61500',21),(142,'פנטסטי פלסטי אופניים','https://loremflickr.com/640/480?lock=45971',21),(143,'מעשי מתכת נקניקיות','https://loremflickr.com/640/480?lock=3936',21),(144,'כפרי גרניט עוף','https://loremflickr.com/640/480?lock=30925',21),(145,'ארגונומי רך כיסא','https://loremflickr.com/640/480?lock=9344',21),(146,'פנטסטי עץ דג','https://loremflickr.com/640/480?lock=10848',21),(147,'טעים רך מקלדת','https://loremflickr.com/640/480?lock=30867',21),(148,'מעשי פלדה מכנסיים','https://loremflickr.com/640/480?lock=8830',22),(149,'פנטסטי בטון חולצה','https://loremflickr.com/640/480?lock=24658',22),(150,'מאוד יפה פלדה נקניקיות','https://loremflickr.com/640/480?lock=30019',22),(151,'מלוטש פלדה דג','https://loremflickr.com/640/480?lock=70297',22),(152,'מאוד יפה מתכת מקלדת','https://loremflickr.com/640/480?lock=92720',22),(153,'מדהים פלסטי מחשב','https://loremflickr.com/640/480?lock=43423',23),(154,'טעים גומי סבון','https://loremflickr.com/640/480?lock=53466',23),(155,'גנרית רך גבינה','https://loremflickr.com/640/480?lock=52623',23),(156,'מְזוּקָק פלדה נקניקיות','https://loremflickr.com/640/480?lock=72674',23),(157,'אינטליגנטי קפוא צ\'יפס','https://loremflickr.com/640/480?lock=3934',24),(158,'קטן מתכת סבון','https://loremflickr.com/640/480?lock=17053',24),(159,'אינטליגנטי גומי מחשב','https://loremflickr.com/640/480?lock=14838',24),(160,'אינטליגנטי עץ דג','https://loremflickr.com/640/480?lock=11588',24),(161,'מדהים עץ טונה','https://loremflickr.com/640/480?lock=62890',24),(162,'כפרי פלדה גבינה','https://loremflickr.com/640/480?lock=80097',25),(163,'מְזוּקָק פלדה כפפות','https://loremflickr.com/640/480?lock=1110',25),(164,'מורשה עץ סבון','https://loremflickr.com/640/480?lock=79506',25),(165,'מְזוּקָק גומי אוטו','https://loremflickr.com/640/480?lock=19644',25),(166,'מלוטש צַח נקניקיות','https://loremflickr.com/640/480?lock=65684',25),(167,'לא ממותג מתכת נקניקיות','https://loremflickr.com/640/480?lock=43416',25),(168,'מאוד יפה פלסטי עוף','https://loremflickr.com/640/480?lock=95914',25),(169,'כפרי מתכת מחשב','https://loremflickr.com/640/480?lock=15836',26),(170,'מדהים קפוא שולחן','https://loremflickr.com/640/480?lock=86508',26),(171,'מדהים פלסטי שולחן','https://loremflickr.com/640/480?lock=34395',26),(172,'קטן צַח מקלדת','https://loremflickr.com/640/480?lock=14704',26),(173,'מורשה כותנה שולחן','https://loremflickr.com/640/480?lock=4314',26),(174,'פנטסטי בטון כפפות','https://loremflickr.com/640/480?lock=69169',26),(175,'לא ממותג גרניט מגבות','https://loremflickr.com/640/480?lock=84462',26),(176,'מעשי צַח אופניים','https://loremflickr.com/640/480?lock=75153',26),(177,'עבודת יד בטון מגבות','https://loremflickr.com/640/480?lock=51437',27),(178,'אינטליגנטי רך צ\'יפס','https://loremflickr.com/640/480?lock=10646',27),(179,'כפרי פלסטי מכנסיים','https://loremflickr.com/640/480?lock=51496',27),(180,'ארגונומי רך פיצה','https://loremflickr.com/640/480?lock=13030',27),(181,'קטן גומי צ\'יפס','https://loremflickr.com/640/480?lock=5476',27),(182,'מעשי עץ מקלדת','https://loremflickr.com/640/480?lock=69541',27),(183,'מעשי פלדה מגבות','https://loremflickr.com/640/480?lock=910',27),(184,'עבודת יד רך כיסא','https://loremflickr.com/640/480?lock=14511',28),(185,'מלוטש כותנה אוטו','https://loremflickr.com/640/480?lock=32036',28),(186,'מורשה פלסטי בייקון','https://loremflickr.com/640/480?lock=1504',28),(187,'מדהים מתכת מחשב','https://loremflickr.com/640/480?lock=37040',28),(188,'טעים פלסטי בייקון','https://loremflickr.com/640/480?lock=95207',28),(189,'מלוטש עץ כפפות','https://loremflickr.com/640/480?lock=96206',28),(190,'ארגונומי כותנה מקלדת','https://loremflickr.com/640/480?lock=43620',28),(191,'כפרי פלדה כובע','https://loremflickr.com/640/480?lock=93550',28),(192,'עבודת יד פלדה מקלדת','https://loremflickr.com/640/480?lock=48284',28),(193,'מלוטש פלסטי טונה','https://loremflickr.com/640/480?lock=59066',28),(194,'ארגונומי גומי כפפות','https://loremflickr.com/640/480?lock=43826',29),(195,'מאוד יפה מתכת נקניקיות','https://loremflickr.com/640/480?lock=6906',29),(196,'מדהים רך סבון','https://loremflickr.com/640/480?lock=11002',29),(197,'מלוטש גרניט גבינה','https://loremflickr.com/640/480?lock=94986',29),(198,'כפרי רך מחשב','https://loremflickr.com/640/480?lock=51360',29),(199,'מורשה בטון עוף','https://loremflickr.com/640/480?lock=30722',29),(200,'פנטסטי כותנה פיצה','https://loremflickr.com/640/480?lock=94623',29),(201,'מלוטש צַח בייקון','https://loremflickr.com/640/480?lock=39068',29),(202,'ארגונומי קפוא בייקון','https://loremflickr.com/640/480?lock=90122',30),(203,'קטן כותנה שולחן','https://loremflickr.com/640/480?lock=90399',30),(204,'כפרי בטון מגבות','https://loremflickr.com/640/480?lock=60099',30),(205,'מאוד יפה מתכת עכבר','https://loremflickr.com/640/480?lock=44446',30),(206,'לא ממותג גומי מכנסיים','https://loremflickr.com/640/480?lock=72790',30),(207,'מדהים פלסטי עוף','https://loremflickr.com/640/480?lock=42201',30),(208,'מאוד יפה גרניט עוף','https://loremflickr.com/640/480?lock=57105',30),(209,'פנטסטי צַח צ\'יפס','https://loremflickr.com/640/480?lock=39803',31),(210,'אינטליגנטי פלסטי כפפות','https://loremflickr.com/640/480?lock=63526',31),(211,'מאוד יפה כותנה מקלדת','https://loremflickr.com/640/480?lock=69060',31),(212,'מאוד יפה מתכת מקלדת','https://loremflickr.com/640/480?lock=64512',31),(213,'מְזוּקָק גומי עכבר','https://loremflickr.com/640/480?lock=79757',31),(214,'כפרי עץ עוף','https://loremflickr.com/640/480?lock=22101',31),(215,'כפרי מתכת נעליים','https://loremflickr.com/640/480?lock=97433',32),(216,'עבודת יד מתכת אוטו','https://loremflickr.com/640/480?lock=37624',32),(217,'לא ממותג פלסטי מקלדת','https://loremflickr.com/640/480?lock=8259',32),(218,'קטן קפוא מחשב','https://loremflickr.com/640/480?lock=59683',32),(219,'פנטסטי רך צ\'יפס','https://loremflickr.com/640/480?lock=56299',33),(220,'מְזוּקָק גרניט פיצה','https://loremflickr.com/640/480?lock=43096',33),(221,'ארגונומי גומי כדור','https://loremflickr.com/640/480?lock=50880',33),(222,'אינטליגנטי כותנה פיצה','https://loremflickr.com/640/480?lock=76624',33),(223,'מעשי כותנה חולצה','https://loremflickr.com/640/480?lock=71579',33),(224,'אינטליגנטי פלסטי בייקון','https://loremflickr.com/640/480?lock=37771',33),(225,'ארגונומי פלסטי נעליים','https://loremflickr.com/640/480?lock=46846',33),(226,'גנרית מתכת כובע','https://loremflickr.com/640/480?lock=13430',33),(227,'מְזוּקָק פלדה אופניים','https://loremflickr.com/640/480?lock=45937',33),(228,'כפרי גומי שולחן','https://loremflickr.com/640/480?lock=81442',34),(229,'עבודת יד בטון סלט','https://loremflickr.com/640/480?lock=53403',34),(230,'מלוטש פלדה מכנסיים','https://loremflickr.com/640/480?lock=91618',34),(231,'לא ממותג פלסטי מקלדת','https://loremflickr.com/640/480?lock=71001',34),(232,'פנטסטי בטון עוף','https://loremflickr.com/640/480?lock=24152',34),(233,'מְזוּקָק רך עוף','https://loremflickr.com/640/480?lock=21335',34),(234,'קטן פלסטי כיסא','https://loremflickr.com/640/480?lock=50687',35),(235,'מורשה גרניט נקניקיות','https://loremflickr.com/640/480?lock=72906',35),(236,'גנרית צַח סבון','https://loremflickr.com/640/480?lock=14260',35),(237,'מעשי גומי שולחן','https://loremflickr.com/640/480?lock=83762',35),(238,'מורשה פלסטי חולצה','https://loremflickr.com/640/480?lock=14575',35),(239,'קטן מתכת טונה','https://loremflickr.com/640/480?lock=73775',35),(240,'מלוטש עץ שולחן','https://loremflickr.com/640/480?lock=53531',35),(241,'לא ממותג מתכת אוטו','https://loremflickr.com/640/480?lock=58251',35),(242,'aaaaaaaaaaaa','https://loremflickr.com/640/480?lock=8154',3),(243,'מדהים בטון בייקון','https://loremflickr.com/640/480?lock=67299',3),(244,'מְזוּקָק כותנה עכבר','https://loremflickr.com/640/480?lock=74068',3),(245,'טעים גרניט חולצה','https://loremflickr.com/640/480?lock=53534',3),(246,'טעים גרניט חולצה','https://loremflickr.com/640/480?lock=53534',3),(247,'טעים גרניט חולצה','https://loremflickr.com/640/480?lock=53534',3);
/*!40000 ALTER TABLE `question` ENABLE KEYS */;
UNLOCK TABLES;

--
-- Table structure for table `quiz`
--

DROP TABLE IF EXISTS `quiz`;
/*!40101 SET @saved_cs_client     = @@character_set_client */;
/*!50503 SET character_set_client = utf8mb4 */;
CREATE TABLE `quiz` (
  `id` int NOT NULL AUTO_INCREMENT,
  `title` varchar(255) NOT NULL,
  `description` text NOT NULL,
  `image_url` varchar(255) DEFAULT NULL,
  `creator_id` varchar(36) NOT NULL,
  PRIMARY KEY (`id`),
  KEY `FK_5716583af6b99b4aedef89a4bb6` (`creator_id`),
  CONSTRAINT `FK_5716583af6b99b4aedef89a4bb6` FOREIGN KEY (`creator_id`) REFERENCES `user` (`id`) ON DELETE CASCADE ON UPDATE CASCADE
) ENGINE=InnoDB AUTO_INCREMENT=36 DEFAULT CHARSET=utf8mb4 COLLATE=utf8mb4_0900_ai_ci;
/*!40101 SET character_set_client = @saved_cs_client */;

--
-- Dumping data for table `quiz`
--

LOCK TABLES `quiz` WRITE;
/*!40000 ALTER TABLE `quiz` DISABLE KEYS */;
INSERT INTO `quiz` VALUES (3,'a','aaaaaaaaaaaaaaaaaaaaaaaaaaaaaaaaaaaaaaaaaaaaaaaaaaaaaaaaaaaaaaaa מייפל גיימינג דקה ופשוטה מבית Dev Byte מגיעה עם גוף אלגנטי ותאורת RGB LED בגוון 7 צבעים לפונקציונליות חכמה','/image/BULY3R09teYTX1FSEp1UOQ1J7iUiS3nA.png','32488004-4fcc-4fc0-831f-997efdbea69e'),(4,'לא ממותג צַח צ\'יפס','אפולוטק B340 הוא עכבר אלחוטי במחיר סביר עם קישוריות אמינה, חיי סוללה של 12 חודשים ועיצוב מודרני','https://loremflickr.com/640/480?lock=56003','32488004-4fcc-4fc0-831f-997efdbea69e'),(5,'מדהים כותנה עוף','הכדורגל טוב לאימונים ולמטרות פנאי','https://loremflickr.com/640/480?lock=10490','32488004-4fcc-4fc0-831f-997efdbea69e'),(6,'מורשה פלסטי כובע','נאגסאקי לנדר הוא השם המסחרי המסחרי של מספר סדרות של אופני ספורט נגסאקי, שהחלו ב- ABC800J משנת 1984','https://loremflickr.com/640/480?lock=92463','32488004-4fcc-4fc0-831f-997efdbea69e'),(7,'גנרית גומי נעליים','כפפות שוער רשת קרבוניט מעוצבות באופן ארגונומי בכדי להעניק התאמה קלה','https://loremflickr.com/640/480?lock=79515','32488004-4fcc-4fc0-831f-997efdbea69e'),(8,'עבודת יד כותנה גבינה','נעלי אנדי נועדו לזכור עמידות כמו גם טרנדים, מגוון הנעליים והסנדלים המסוגננים ביותר','https://loremflickr.com/640/480?lock=81478','32488004-4fcc-4fc0-831f-997efdbea69e'),(9,'מְזוּקָק כותנה שולחן','נאגסאקי לנדר הוא השם המסחרי המסחרי של מספר סדרות של אופני ספורט נגסאקי, שהחלו ב- ABC800J משנת 1984','https://loremflickr.com/640/480?lock=11394','32488004-4fcc-4fc0-831f-997efdbea69e'),(10,'עבודת יד גומי חולצה','מקלדת מייפל גיימינג דקה ופשוטה מבית Dev Byte מגיעה עם גוף אלגנטי ותאורת RGB LED בגוון 7 צבעים לפונקציונליות חכמה','https://loremflickr.com/640/480?lock=88533','32488004-4fcc-4fc0-831f-997efdbea69e'),(11,'ארגונומי קפוא מקלדת','מערך הרכב מורכב מעיצוב מנוע קדמי, עם תיבות הילוכים מסוג ציר טרנסוולר המותקנות בחלק האחורי של המנוע והנעה עם ארבעה גלגלים','https://loremflickr.com/640/480?lock=64488','5ffec446-9099-4282-a55e-e0480596d8b5'),(12,'טעים בטון עוף','נעלי אנדי נועדו לזכור עמידות כמו גם טרנדים, מגוון הנעליים והסנדלים המסוגננים ביותר','https://loremflickr.com/640/480?lock=736','5ffec446-9099-4282-a55e-e0480596d8b5'),(13,'פנטסטי גרניט סבון','אפולוטק B340 הוא עכבר אלחוטי במחיר סביר עם קישוריות אמינה, חיי סוללה של 12 חודשים ועיצוב מודרני','https://loremflickr.com/640/480?lock=37451','5ffec446-9099-4282-a55e-e0480596d8b5'),(14,'ארגונומי קפוא אופניים','כסא מנהלים ארגונומי מרופד בעור שחור מלוכדות ובמושב ובגב מרופד PVC לנוחות ותמיכה לאורך כל היום','https://loremflickr.com/640/480?lock=63964','5ffec446-9099-4282-a55e-e0480596d8b5'),(15,'מדהים רך עכבר','נאגסאקי לנדר הוא השם המסחרי המסחרי של מספר סדרות של אופני ספורט נגסאקי, שהחלו ב- ABC800J משנת 1984','https://loremflickr.com/640/480?lock=32799','5ffec446-9099-4282-a55e-e0480596d8b5'),(16,'כפרי פלדה צ\'יפס','הכדורגל טוב לאימונים ולמטרות פנאי','https://loremflickr.com/640/480?lock=49113','f5861711-10ab-489b-9c71-da2407a1ce5b'),(17,'פנטסטי פלסטי דג','המגוון היפה של תפוח נטורל שיש בו שילוב מרגש של מרכיבים טבעיים. עם הטוב של 100% מרכיבים טבעיים','https://loremflickr.com/640/480?lock=59221','f5861711-10ab-489b-9c71-da2407a1ce5b'),(18,'קטן פלדה סלט','מערך הרכב מורכב מעיצוב מנוע קדמי, עם תיבות הילוכים מסוג ציר טרנסוולר המותקנות בחלק האחורי של המנוע והנעה עם ארבעה גלגלים','https://loremflickr.com/640/480?lock=91778','f5861711-10ab-489b-9c71-da2407a1ce5b'),(19,'פנטסטי פלדה מגבות','טכנולוגיית שחיקת הדחיסה המתקדמת ביותר של בוסטון מגבירה את החמצון בשרירים, מייצבת שרירים פעילים','https://loremflickr.com/640/480?lock=44449','f5861711-10ab-489b-9c71-da2407a1ce5b'),(20,'קטן קפוא אופניים','חדש ABC 13 9370, 13.3, דור 5 CoreA5-8250U, 8GB RAM, 256GB SSD, כוח UHD גרפיקה, OS 10 Home, OS Office A & J 2016','https://loremflickr.com/640/480?lock=89469','f5861711-10ab-489b-9c71-da2407a1ce5b'),(21,'מלוטש פלדה צ\'יפס','כסא מנהלים ארגונומי מרופד בעור שחור מלוכדות ובמושב ובגב מרופד PVC לנוחות ותמיכה לאורך כל היום','https://loremflickr.com/640/480?lock=24283','be9c902a-90a1-40ed-890f-4fc0b79f793d'),(22,'מעשי מתכת בייקון','טכנולוגיית שחיקת הדחיסה המתקדמת ביותר של בוסטון מגבירה את החמצון בשרירים, מייצבת שרירים פעילים','https://loremflickr.com/640/480?lock=28919','be9c902a-90a1-40ed-890f-4fc0b79f793d'),(23,'אינטליגנטי קפוא כובע','מקלדת מייפל גיימינג דקה ופשוטה מבית Dev Byte מגיעה עם גוף אלגנטי ותאורת RGB LED בגוון 7 צבעים לפונקציונליות חכמה','https://loremflickr.com/640/480?lock=63753','be9c902a-90a1-40ed-890f-4fc0b79f793d'),(24,'לא ממותג צַח צ\'יפס','נעלי אנדי נועדו לזכור עמידות כמו גם טרנדים, מגוון הנעליים והסנדלים המסוגננים ביותר','https://loremflickr.com/640/480?lock=84847','be9c902a-90a1-40ed-890f-4fc0b79f793d'),(25,'מורשה עץ בייקון','נעלי אנדי נועדו לזכור עמידות כמו גם טרנדים, מגוון הנעליים והסנדלים המסוגננים ביותר','https://loremflickr.com/640/480?lock=50180','be9c902a-90a1-40ed-890f-4fc0b79f793d'),(26,'גנרית פלסטי נקניקיות','מגוון חדש של חולצות רשמיות מעוצבות תוך התחשבות בך. עם התאמות ועיצוב שיגרמו לך להתבלט','https://loremflickr.com/640/480?lock=55896','71551ef0-6de8-4e6d-b64e-3b0203ef4239'),(27,'כפרי רך כיסא','כפפות שוער רשת קרבוניט מעוצבות באופן ארגונומי בכדי להעניק התאמה קלה','https://loremflickr.com/640/480?lock=19150','71551ef0-6de8-4e6d-b64e-3b0203ef4239'),(28,'מאוד יפה מתכת אוטו','מקלדת מייפל גיימינג דקה ופשוטה מבית Dev Byte מגיעה עם גוף אלגנטי ותאורת RGB LED בגוון 7 צבעים לפונקציונליות חכמה','https://loremflickr.com/640/480?lock=19014','71551ef0-6de8-4e6d-b64e-3b0203ef4239'),(29,'ארגונומי פלסטי מקלדת','מקלדת מייפל גיימינג דקה ופשוטה מבית Dev Byte מגיעה עם גוף אלגנטי ותאורת RGB LED בגוון 7 צבעים לפונקציונליות חכמה','https://loremflickr.com/640/480?lock=45777','71551ef0-6de8-4e6d-b64e-3b0203ef4239'),(30,'מאוד יפה גרניט טונה','כפפות שוער רשת קרבוניט מעוצבות באופן ארגונומי בכדי להעניק התאמה קלה','https://loremflickr.com/640/480?lock=62932','71551ef0-6de8-4e6d-b64e-3b0203ef4239'),(31,'קטן פלסטי חולצה','אפולוטק B340 הוא עכבר אלחוטי במחיר סביר עם קישוריות אמינה, חיי סוללה של 12 חודשים ועיצוב מודרני','https://loremflickr.com/640/480?lock=76816','291db0d7-5c00-4cc9-800d-9c3e8aff3236'),(32,'לא ממותג צַח אופניים','כפפות שוער רשת קרבוניט מעוצבות באופן ארגונומי בכדי להעניק התאמה קלה','https://loremflickr.com/640/480?lock=42224','291db0d7-5c00-4cc9-800d-9c3e8aff3236'),(33,'פנטסטי פלסטי עוף','המגוון היפה של תפוח נטורל שיש בו שילוב מרגש של מרכיבים טבעיים. עם הטוב של 100% מרכיבים טבעיים','https://loremflickr.com/640/480?lock=43900','291db0d7-5c00-4cc9-800d-9c3e8aff3236'),(34,'עבודת יד כותנה פיצה','חדש ABC 13 9370, 13.3, דור 5 CoreA5-8250U, 8GB RAM, 256GB SSD, כוח UHD גרפיקה, OS 10 Home, OS Office A & J 2016','https://loremflickr.com/640/480?lock=9062','291db0d7-5c00-4cc9-800d-9c3e8aff3236'),(35,'ארגונומי כותנה כובע','מערך הרכב מורכב מעיצוב מנוע קדמי, עם תיבות הילוכים מסוג ציר טרנסוולר המותקנות בחלק האחורי של המנוע והנעה עם ארבעה גלגלים','https://loremflickr.com/640/480?lock=68887','291db0d7-5c00-4cc9-800d-9c3e8aff3236');
/*!40000 ALTER TABLE `quiz` ENABLE KEYS */;
UNLOCK TABLES;

--
-- Table structure for table `role`
--

DROP TABLE IF EXISTS `role`;
/*!40101 SET @saved_cs_client     = @@character_set_client */;
/*!50503 SET character_set_client = utf8mb4 */;
CREATE TABLE `role` (
  `id` int NOT NULL AUTO_INCREMENT,
  `name` varchar(20) NOT NULL,
  `description` varchar(255) NOT NULL,
  `roleKey` varchar(255) NOT NULL,
  PRIMARY KEY (`id`)
) ENGINE=InnoDB AUTO_INCREMENT=2 DEFAULT CHARSET=utf8mb4 COLLATE=utf8mb4_0900_ai_ci;
/*!40101 SET character_set_client = @saved_cs_client */;

--
-- Dumping data for table `role`
--

LOCK TABLES `role` WRITE;
/*!40000 ALTER TABLE `role` DISABLE KEYS */;
INSERT INTO `role` VALUES (1,'User','Regular user','WWfYFeXwK4aIDD2vejeud1LM2VchrzbxTfzB71KXc88=');
/*!40000 ALTER TABLE `role` ENABLE KEYS */;
UNLOCK TABLES;

--
-- Table structure for table `score`
--

DROP TABLE IF EXISTS `score`;
/*!40101 SET @saved_cs_client     = @@character_set_client */;
/*!50503 SET character_set_client = utf8mb4 */;
CREATE TABLE `score` (
  `id` int NOT NULL AUTO_INCREMENT,
  `score` int NOT NULL,
  `date` datetime(6) NOT NULL DEFAULT CURRENT_TIMESTAMP(6),
  `player` varchar(255) NOT NULL,
  `quiz_id` int NOT NULL,
  PRIMARY KEY (`id`),
  KEY `FK_3f8f22210586c69c9af89b4f8e6` (`quiz_id`),
  CONSTRAINT `FK_3f8f22210586c69c9af89b4f8e6` FOREIGN KEY (`quiz_id`) REFERENCES `quiz` (`id`) ON DELETE CASCADE ON UPDATE CASCADE
) ENGINE=InnoDB AUTO_INCREMENT=276 DEFAULT CHARSET=utf8mb4 COLLATE=utf8mb4_0900_ai_ci;
/*!40101 SET character_set_client = @saved_cs_client */;

--
-- Dumping data for table `score`
--

LOCK TABLES `score` WRITE;
/*!40000 ALTER TABLE `score` DISABLE KEYS */;
INSERT INTO `score` VALUES (22,76,'2023-03-13 12:32:31.433363','דורון רווח',3),(23,42,'2023-03-13 12:32:31.435472','ליטל אוריאל',3),(24,20,'2023-03-13 12:32:31.438098','שמחה בן ארצי',3),(25,50,'2023-03-13 12:32:31.440708','דולב אליצור',4),(26,15,'2023-03-13 12:32:31.445243','אריאל עופרים',4),(27,62,'2023-03-13 12:32:31.448074','תקווה מתניה',4),(28,72,'2023-03-13 12:32:31.450275','נועם שגיא',5),(29,41,'2023-03-13 12:32:31.454037','זוהר ברקאי',5),(30,48,'2023-03-13 12:32:31.457443','גיורא שמואלי',5),(31,17,'2023-03-13 12:32:31.461974','אגם נתיב',5),(32,38,'2023-03-15 15:10:42.959931','ד\"ר יוליה יהודאי',6),(33,72,'2023-03-15 15:10:42.962631','שוהם עוז DDS',6),(34,55,'2023-03-15 15:10:42.965404','תום יונה',6),(35,76,'2023-03-15 15:10:42.968711','אביגדור מלכי',6),(36,32,'2023-03-15 15:10:42.971772','אבינועם חסיד Jr.',7),(37,39,'2023-03-15 15:10:42.974012','סהר בן דוד',7),(38,35,'2023-03-15 15:10:42.976232','נחשון ארזי',7),(39,45,'2023-03-15 15:10:42.978356','עוז ערד',7),(40,91,'2023-03-15 15:10:42.980532','נטעלי ורד DVM',7),(41,34,'2023-03-15 15:10:42.982436','סשה בן ענת II',8),(42,39,'2023-03-15 15:10:42.986993','ד\"ר יהל שבח',8),(43,75,'2023-03-15 15:10:42.990147','עו\"ד גלעד שנהר',8),(44,89,'2023-03-15 15:10:42.992311','אסיף בן ארי',8),(45,26,'2023-03-15 15:10:42.994263','גברת שחר יושע',8),(46,99,'2023-03-15 15:10:42.996263','תיאו יחיאל',8),(47,47,'2023-03-15 15:10:42.998940','מור קצב',8),(48,71,'2023-03-15 15:10:43.001408','ליאל דברת',8),(49,9,'2023-03-15 15:10:43.004784','שקמה הרפז',8),(50,32,'2023-03-15 15:10:43.007238','אוהד ורד II',8),(51,47,'2023-03-15 15:10:43.009301','ארבל אשל',9),(52,15,'2023-03-15 15:10:43.011731','לילי שם אור PhD',9),(53,59,'2023-03-15 15:10:43.013809','סתיו חי',9),(54,47,'2023-03-15 15:10:43.015844','מרים ישר',9),(55,74,'2023-03-15 15:10:43.018903','צוק בן אריה',9),(56,85,'2023-03-15 15:10:43.021944','מתן בנימיני',9),(57,70,'2023-03-15 15:10:43.024100','אפרת שוחט',9),(58,66,'2023-03-15 15:10:43.025970','יורם כפרי',9),(59,66,'2023-03-15 15:10:43.028119','גוון עשת',9),(60,18,'2023-03-15 15:10:43.030798','עו\"ד ריי אריאב',9),(61,0,'2023-03-15 15:10:43.032855','מר גאיה פאר II',9),(62,30,'2023-03-15 15:10:43.035337','אורלי אבן שושן',9),(63,93,'2023-03-15 15:10:43.038345','רימון מוריה',10),(64,85,'2023-03-15 15:10:43.041033','כליל רכס',10),(65,92,'2023-03-15 15:10:43.043178','גפן בית הלחמי',10),(66,88,'2023-03-15 15:10:43.045159','אפריל שרביט',10),(67,38,'2023-03-15 15:10:43.047307','אורית אופיר',11),(68,32,'2023-03-15 15:10:43.049377','שקד בר יהודה MD',11),(69,67,'2023-03-15 15:10:43.052524','לירן און',11),(70,61,'2023-03-15 15:10:43.055045','רביד רוגל',11),(71,56,'2023-03-15 15:10:43.057737','אור שומרון',12),(72,34,'2023-03-15 15:10:43.060011','לירן דור',12),(73,42,'2023-03-15 15:10:43.062594','חן אבינר',12),(74,1,'2023-03-15 15:10:43.064725','ד\"ר יגאל לוי',13),(75,14,'2023-03-15 15:10:43.066665','יוכבד אשכנזי',13),(76,98,'2023-03-15 15:10:43.069380','אלרועי חפר',13),(77,83,'2023-03-15 15:10:43.072640','דנה אגוזי',13),(78,38,'2023-03-15 15:10:43.074639','עופרי בן מאיר MD',13),(79,1,'2023-03-15 15:10:43.076442','קסם רם',13),(80,2,'2023-03-15 15:10:43.078534','ליטל עוז',13),(81,28,'2023-03-15 15:10:43.080469','רביד תמיר III',13),(82,55,'2023-03-15 15:10:43.082225','גברת אבירם צבר',13),(83,50,'2023-03-15 15:10:43.083965','חגית מוריה',13),(84,34,'2023-03-15 15:10:43.086315','שגב נועם',13),(85,0,'2023-03-15 15:10:43.089851','יששכר אליקים',14),(86,54,'2023-03-15 15:10:43.092646','תבור רחמים',14),(87,26,'2023-03-15 15:10:43.096062','\'פרופ אהרון ברק',14),(88,58,'2023-03-15 15:10:43.098100','כרמית ארנון',14),(89,17,'2023-03-15 15:10:43.100084','קרן אלון V',14),(90,86,'2023-03-15 15:10:43.103026','שלהבת רחמים',14),(91,2,'2023-03-15 15:10:43.106347','סביון הנגבי',14),(92,82,'2023-03-15 15:10:43.108552','יוחאי אביטל',14),(93,36,'2023-03-15 15:10:43.111700','פלא דגני',14),(94,43,'2023-03-15 15:10:43.113987','יונית מילוא',14),(95,95,'2023-03-15 15:10:43.116246','טליה יהלום',14),(96,40,'2023-03-15 15:10:43.118573','ניצן ארם',14),(97,8,'2023-03-15 15:10:43.121488','גוני שבתי',14),(98,41,'2023-03-15 15:10:43.124404','עינב איילון',15),(99,95,'2023-03-15 15:10:43.126898','מר עומרי בן עמי',15),(100,13,'2023-03-15 15:10:43.128908','רון גיל II',15),(101,86,'2023-03-15 15:10:43.130729','מיטב תאומים',15),(102,89,'2023-03-15 15:10:43.132535','לוטן זבולון DVM',15),(103,62,'2023-03-15 15:10:43.134787','סיני סכנין',15),(104,6,'2023-03-15 15:10:43.139049','לוטן יהודה',15),(105,82,'2023-03-15 15:10:43.141372','כרמי אורון',15),(106,23,'2023-03-15 15:10:43.143791','פלג אביעזר',16),(107,0,'2023-03-15 15:10:43.146308','ד\"ר אושרי איתן',16),(108,83,'2023-03-15 15:10:43.148304','שגיא שלח',16),(109,71,'2023-03-15 15:10:43.150340','מתן פרימור I',16),(110,36,'2023-03-15 15:10:43.153049','אבירן לימור',16),(111,99,'2023-03-15 15:10:43.156846','תאיר קמחי',16),(112,92,'2023-03-15 15:10:43.159358','אורטל שחור',16),(113,98,'2023-03-15 15:10:43.161341','מעיין חצרוני',16),(114,69,'2023-03-15 15:10:43.163285','גברת רם ורדימון',16),(115,45,'2023-03-15 15:10:43.165152','\'פרופ נוי בית יוסף',16),(116,15,'2023-03-15 15:10:43.167110','רינת אחרון',16),(117,98,'2023-03-15 15:10:43.170503','מאיר אורן',17),(118,97,'2023-03-15 15:10:43.173394','אביאל תמוז',17),(119,99,'2023-03-15 15:10:43.175605','שוהם כרמלי',17),(120,40,'2023-03-15 15:10:43.177648','שלי מרגנית',17),(121,22,'2023-03-15 15:10:43.179646','\'פרופ גילי אפעל DVM',17),(122,90,'2023-03-15 15:10:43.182301','יהב אלחנני',17),(123,76,'2023-03-15 15:10:43.184267','אופיר בן ברוך',17),(124,77,'2023-03-15 15:10:43.188117','זיו אסיא',17),(125,21,'2023-03-15 15:10:43.191333','כוכב בן שלום',17),(126,81,'2023-03-15 15:10:43.193525','מר שמרית ישראל',18),(127,98,'2023-03-15 15:10:43.195497','\'פרופ חגי גודר',18),(128,56,'2023-03-15 15:10:43.197422','תאנה אלעד',18),(129,13,'2023-03-15 15:10:43.199330','אושרי גלרון',18),(130,29,'2023-03-15 15:10:43.201327','דגנית אסא',18),(131,15,'2023-03-15 15:10:43.205058','שירז פרי IV',18),(132,96,'2023-03-15 15:10:43.207510','משה בית הלחמי',18),(133,61,'2023-03-15 15:10:43.209524','עוזיה ירושלמי III',19),(134,37,'2023-03-15 15:10:43.211667','גוון אשד',19),(135,21,'2023-03-15 15:10:43.213768','איילת עסיס',19),(136,83,'2023-03-15 15:10:43.215740','יערה אלמגור',19),(137,11,'2023-03-15 15:10:43.217993','עמוס רכס',19),(138,95,'2023-03-15 15:10:43.221987','יגאל עזרתי',19),(139,87,'2023-03-15 15:10:43.224870','ליה אבריאל',19),(140,80,'2023-03-15 15:10:43.227577','גברת שוהם ארידור',19),(141,71,'2023-03-15 15:10:43.229614','דניאל אלדן',19),(142,57,'2023-03-15 15:10:43.231625','דורין לבבי',20),(143,32,'2023-03-15 15:10:43.233612','כרמל עפרת',20),(144,72,'2023-03-15 15:10:43.236647','אודיה איש שלום',20),(145,24,'2023-03-15 15:10:43.239912','גבריאל שבח',20),(146,48,'2023-03-15 15:10:43.241935','צור ברהלל',21),(147,78,'2023-03-15 15:10:43.243859','עופרי ארידור',21),(148,43,'2023-03-15 15:10:43.245794','ליעד חרמוני',21),(149,56,'2023-03-15 15:10:43.247701','כליל ברוש III',21),(150,73,'2023-03-15 15:10:43.249640','גברת זיו ברעוז',21),(151,44,'2023-03-15 15:10:43.252122','גבריאל תדמור',21),(152,96,'2023-03-15 15:10:43.255975','מיטל פרג',21),(153,49,'2023-03-15 15:10:43.258546','אבישג ורדי',21),(154,22,'2023-03-15 15:10:43.260479','אראלה להבי',22),(155,78,'2023-03-15 15:10:43.262715','קליה זמורה',22),(156,89,'2023-03-15 15:10:43.264504','אמיתי רזיאל',22),(157,27,'2023-03-15 15:10:43.266920','לשם אריאב',22),(158,98,'2023-03-15 15:10:43.269636','ד\"ר צמרת ארגמן',22),(159,83,'2023-03-15 15:10:43.273074','שוהם יפה',23),(160,3,'2023-03-15 15:10:43.275402','אלישיב גדות',23),(161,2,'2023-03-15 15:10:43.277443','אביתר קציר',23),(162,49,'2023-03-15 15:10:43.280513','אור שומרון',23),(163,10,'2023-03-15 15:10:43.283034','יוחאי ארנון',23),(164,60,'2023-03-15 15:10:43.285629','עו\"ד ברית נבון PhD',23),(165,42,'2023-03-15 15:10:43.288599','טנא מילוא',23),(166,50,'2023-03-15 15:10:43.291369','ד\"ר צדק יונה',24),(167,37,'2023-03-15 15:10:43.293405','רז אגוזי',24),(168,37,'2023-03-15 15:10:43.295300','כרמי ירוחם',24),(169,90,'2023-03-15 15:10:43.297817','אושרי חלד',24),(170,34,'2023-03-15 15:10:43.299752','אלמוג סהר',24),(171,54,'2023-03-15 15:10:43.301622','חסד גלרון',24),(172,97,'2023-03-15 15:10:43.304944','אוריה עומר',24),(173,65,'2023-03-15 15:10:43.307763','שירי בר נתן',24),(174,1,'2023-03-15 15:10:43.309855','נמרוד לוי נחום',24),(175,41,'2023-03-15 15:10:43.312129','קורל אלמוג',24),(176,8,'2023-03-15 15:10:43.314729','מר רותם אברהם Jr.',25),(177,83,'2023-03-15 15:10:43.317051','גוון בורר',25),(178,69,'2023-03-15 15:10:43.319767','מעיין וילנאי',25),(179,66,'2023-03-15 15:10:43.322947','תפארת ברזל I',25),(180,90,'2023-03-15 15:10:43.325420','יפית נוימרק',25),(181,35,'2023-03-15 15:10:43.327520','עו\"ד עמית ורד',25),(182,87,'2023-03-15 15:10:43.329519','יונת עדיני',25),(183,64,'2023-03-15 15:10:43.331675','יונית ארגוב',25),(184,77,'2023-03-15 15:10:43.333569','שובל שומרון',25),(185,12,'2023-03-15 15:10:43.335614','נוי אתגר',25),(186,72,'2023-03-15 15:10:43.338278','מר אלכס שומרון',26),(187,8,'2023-03-15 15:10:43.341515','צופיה אבריאל',26),(188,62,'2023-03-15 15:10:43.344999','אפריל תמרי',26),(189,42,'2023-03-15 15:10:43.347821','גברת נחשון שרביט',26),(190,7,'2023-03-15 15:10:43.350117','נועה ארוך',26),(191,0,'2023-03-15 15:10:43.352579','עמית ברלב',26),(192,24,'2023-03-15 15:10:43.355968','ליאם אוריון',26),(193,93,'2023-03-15 15:10:43.358554','לוסי גזית',27),(194,100,'2023-03-15 15:10:43.361225','ויטה כנעני',27),(195,91,'2023-03-15 15:10:43.363305','מאור רז',27),(196,52,'2023-03-15 15:10:43.365391','שילה רהב',27),(197,31,'2023-03-15 15:10:43.367671','דליה רווה',27),(198,89,'2023-03-15 15:10:43.369699','רן ישראל DDS',27),(199,32,'2023-03-15 15:10:43.372285','בת ירקוני',27),(200,54,'2023-03-15 15:10:43.375301','ד\"ר שילה שורק',27),(201,2,'2023-03-15 15:10:43.377855','יששכר רז',27),(202,35,'2023-03-15 15:10:43.379796','גולן ניצן',27),(203,18,'2023-03-15 15:10:43.381950','גאיה גאון',27),(204,8,'2023-03-15 15:10:43.384708','יאיר בן מלך II',27),(205,23,'2023-03-15 15:10:43.388091','שובל ליש',27),(206,2,'2023-03-15 15:10:43.390552','דולב שפיר V',28),(207,7,'2023-03-15 15:10:43.392627','עיינה קמה MD',28),(208,31,'2023-03-15 15:10:43.394686','אשר סעד',28),(209,75,'2023-03-15 15:10:43.396546','שלומית בראל',28),(210,82,'2023-03-15 15:10:43.399172','נהוראי חן',28),(211,3,'2023-03-15 15:10:43.402632','רביד ברוש',28),(212,66,'2023-03-15 15:10:43.405449','ריטה עמרמי',28),(213,20,'2023-03-15 15:10:43.407791','עקיבא יעקבי',28),(214,34,'2023-03-15 15:10:43.410362','יוליה שער',28),(215,24,'2023-03-15 15:10:43.412490','צאלה נשרי DVM',28),(216,50,'2023-03-15 15:10:43.414537','אפיק אורן',28),(217,53,'2023-03-15 15:10:43.416519','עדי גושן',28),(218,20,'2023-03-15 15:10:43.419814','חביב ענבל',29),(219,57,'2023-03-15 15:10:43.422456','ארבל אשור',29),(220,31,'2023-03-15 15:10:43.424616','ליבי גיל',29),(221,95,'2023-03-15 15:10:43.426432','בת שקדי',29),(222,43,'2023-03-15 15:10:43.428594','ידידיה אליהו',29),(223,88,'2023-03-15 15:10:43.430375','אימרי ליש V',29),(224,12,'2023-03-15 15:10:43.432369','דולב נועם',29),(225,19,'2023-03-15 15:10:43.435463','דניאלה משעני',29),(226,57,'2023-03-15 15:10:43.438673','דנית גילון',30),(227,77,'2023-03-15 15:10:43.441350','בלה אלדד',30),(228,52,'2023-03-15 15:10:43.443449','חן שומרון',30),(229,23,'2023-03-15 15:10:43.445596','דני אלחנני',30),(230,80,'2023-03-15 15:10:43.447484','אליהו ברק V',30),(231,53,'2023-03-15 15:10:43.449731','נדב לבנון',30),(232,3,'2023-03-15 15:10:43.453037','עמית דרומי',30),(233,74,'2023-03-15 15:10:43.456159','גברת קסניה חצרוני',31),(234,64,'2023-03-15 15:10:43.458465','יורם אבן צור',31),(235,6,'2023-03-15 15:10:43.460657','אמנון גוריון',31),(236,26,'2023-03-15 15:10:43.462959','גיל נתנאל',31),(237,10,'2023-03-15 15:10:43.465090','ארנון חרל׳׳פ',31),(238,8,'2023-03-15 15:10:43.467268','שחר דן Sr.',31),(239,39,'2023-03-15 15:10:43.470418','ד\"ר מיה אריאלי III',31),(240,88,'2023-03-15 15:10:43.474451','אמור אבירם',31),(241,97,'2023-03-15 15:10:43.477003','דליה ליטאי MD',31),(242,11,'2023-03-15 15:10:43.479020','רביד הראובני',31),(243,89,'2023-03-15 15:10:43.480959','צמרת שורק',31),(244,19,'2023-03-15 15:10:43.482918','שובל רענן',32),(245,77,'2023-03-15 15:10:43.486948','לירוי אתרוג',32),(246,0,'2023-03-15 15:10:43.489597','שירז ישראל',32),(247,0,'2023-03-15 15:10:43.491468','מתת זרובבל',33),(248,58,'2023-03-15 15:10:43.493220','חמוטל תגר',33),(249,45,'2023-03-15 15:10:43.495204','אדם נוריאל',33),(250,25,'2023-03-15 15:10:43.497115','עלי עפרת MD',33),(251,89,'2023-03-15 15:10:43.499090','שמחה יהב',33),(252,10,'2023-03-15 15:10:43.501375','אליה חנוכה V',33),(253,21,'2023-03-15 15:10:43.505547','דורית בן דב',33),(254,21,'2023-03-15 15:10:43.508000','תלמה אבישי',33),(255,7,'2023-03-15 15:10:43.510182','גבריאל בן גרא II',33),(256,13,'2023-03-15 15:10:43.512150','אימרי בן נחום',33),(257,18,'2023-03-15 15:10:43.513950','שני מערבי DVM',33),(258,37,'2023-03-15 15:10:43.515872','אפרים בר יעקב',33),(259,41,'2023-03-15 15:10:43.521473','נח עשת',33),(260,37,'2023-03-15 15:10:43.523795','נוי בן צור',33),(261,43,'2023-03-15 15:10:43.525956','לירן מורג',33),(262,21,'2023-03-15 15:10:43.528117','ד\"ר איילה וילנאי',34),(263,96,'2023-03-15 15:10:43.530129','עוזיה משעל',34),(264,17,'2023-03-15 15:10:43.532043','כוכב שגב',34),(265,71,'2023-03-15 15:10:43.534725','ליבי מערבי III',34),(266,3,'2023-03-15 15:10:43.538517','רימון בן נר',35),(267,49,'2023-03-15 15:10:43.541021','נופר אבירם',35),(268,38,'2023-03-15 15:10:43.543299','אפיק ברטוב',35),(269,24,'2023-03-15 15:10:43.545412','עו\"ד מיכאלה נשרי',35),(270,14,'2023-03-15 15:24:40.662843','mike',21),(271,29,'2023-03-15 15:26:19.254984','שלימזי גיבוט',21),(272,57,'2023-03-15 15:31:24.746479','סגייz',21),(273,29,'2023-03-15 15:57:04.483606','שלום עולם',21),(275,33,'2023-03-15 17:44:07.550558','אוהד חסר שן',3);
/*!40000 ALTER TABLE `score` ENABLE KEYS */;
UNLOCK TABLES;

--
-- Table structure for table `sms_spam`
--

DROP TABLE IF EXISTS `sms_spam`;
/*!40101 SET @saved_cs_client     = @@character_set_client */;
/*!50503 SET character_set_client = utf8mb4 */;
CREATE TABLE `sms_spam` (
  `id` int NOT NULL AUTO_INCREMENT,
  `phone_number` varchar(15) NOT NULL,
  PRIMARY KEY (`id`),
  UNIQUE KEY `IDX_d82e5145eda9a2ca635afeff8c` (`phone_number`)
) ENGINE=InnoDB DEFAULT CHARSET=utf8mb4 COLLATE=utf8mb4_0900_ai_ci;
/*!40101 SET character_set_client = @saved_cs_client */;

--
-- Dumping data for table `sms_spam`
--

LOCK TABLES `sms_spam` WRITE;
/*!40000 ALTER TABLE `sms_spam` DISABLE KEYS */;
/*!40000 ALTER TABLE `sms_spam` ENABLE KEYS */;
UNLOCK TABLES;

--
-- Table structure for table `two_factor`
--

DROP TABLE IF EXISTS `two_factor`;
/*!40101 SET @saved_cs_client     = @@character_set_client */;
/*!50503 SET character_set_client = utf8mb4 */;
CREATE TABLE `two_factor` (
  `id` int NOT NULL AUTO_INCREMENT,
  `code` varchar(255) DEFAULT NULL,
  `attempt` tinyint unsigned NOT NULL DEFAULT '0',
  `code_created_date` timestamp(6) NULL DEFAULT NULL,
  `user_blocked_date` timestamp(6) NULL DEFAULT NULL,
  `user_id` varchar(36) NOT NULL,
  PRIMARY KEY (`id`),
  UNIQUE KEY `REL_162c7f53b41b84102a8e06eff1` (`user_id`),
  CONSTRAINT `FK_162c7f53b41b84102a8e06eff18` FOREIGN KEY (`user_id`) REFERENCES `user` (`id`)
) ENGINE=InnoDB DEFAULT CHARSET=utf8mb4 COLLATE=utf8mb4_0900_ai_ci;
/*!40101 SET character_set_client = @saved_cs_client */;

--
-- Dumping data for table `two_factor`
--

LOCK TABLES `two_factor` WRITE;
/*!40000 ALTER TABLE `two_factor` DISABLE KEYS */;
/*!40000 ALTER TABLE `two_factor` ENABLE KEYS */;
UNLOCK TABLES;

--
-- Table structure for table `user`
--

DROP TABLE IF EXISTS `user`;
/*!40101 SET @saved_cs_client     = @@character_set_client */;
/*!50503 SET character_set_client = utf8mb4 */;
CREATE TABLE `user` (
  `id` varchar(36) NOT NULL,
  `username` varchar(255) NOT NULL,
  `password` varchar(255) DEFAULT NULL,
  `created` datetime(6) NOT NULL DEFAULT CURRENT_TIMESTAMP(6),
  `updated` datetime(6) NOT NULL DEFAULT CURRENT_TIMESTAMP(6) ON UPDATE CURRENT_TIMESTAMP(6),
  `type` varchar(255) NOT NULL,
  PRIMARY KEY (`id`),
  UNIQUE KEY `IDX_78a916df40e02a9deb1c4b75ed` (`username`),
  KEY `IDX_31ef2b4d30675d0c15056b7f6e` (`type`)
) ENGINE=InnoDB DEFAULT CHARSET=utf8mb4 COLLATE=utf8mb4_0900_ai_ci;
/*!40101 SET character_set_client = @saved_cs_client */;

--
-- Dumping data for table `user`
--

LOCK TABLES `user` WRITE;
/*!40000 ALTER TABLE `user` DISABLE KEYS */;
INSERT INTO `user` VALUES ('291db0d7-5c00-4cc9-800d-9c3e8aff3236','שלמה','$2b$10$kRrqL6mNfLPH2USq9K9b2OCMD9b6.GY2/s5KSJmU7ybAXmb0MpGmu','2023-03-15 15:04:10.881125','2023-03-15 15:04:10.881125','ExtendedUser'),('32488004-4fcc-4fc0-831f-997efdbea69e','koren','$2b$10$OHjTOGBHcJhvdp3ZQpIhv.sigq0P2G3WwRZOOweNZsYeR5V2HFnyy','2023-03-13 12:24:54.161855','2023-03-13 12:24:54.161855','ExtendedUser'),('5ffec446-9099-4282-a55e-e0480596d8b5','דוד המלך','$2b$10$x..nM1qJojb8X8fliwPM4.9p.Jp6qmfDtJmaYjEgpZMOLXaIgZVwG','2023-03-15 15:05:23.597754','2023-03-15 15:05:23.597754','ExtendedUser'),('71551ef0-6de8-4e6d-b64e-3b0203ef4239','שלימזי גיבוט','$2b$10$pVNgZ/kTd6/80y6WquAv1.J4PxScn/XvzxNPLzIPulaWXsQjtY7fq','2023-03-15 15:06:11.650729','2023-03-15 15:06:11.650729','ExtendedUser'),('be9c902a-90a1-40ed-890f-4fc0b79f793d','קורן','$2b$10$TP2hrx73FlEFchLQCrs6ge.375VIDE2R8rgOUh/d8/hnmL72Q5Y8W','2023-03-15 15:04:48.875243','2023-03-15 15:04:48.875243','ExtendedUser'),('f5861711-10ab-489b-9c71-da2407a1ce5b','ניסים','$2b$10$ZmkEOqqvPuEy9/Imor2r3evkkR/o/j0iKotYpxZlkEHQ7lxmZRliy','2023-03-15 15:03:22.282876','2023-03-15 15:03:22.282876','ExtendedUser');
/*!40000 ALTER TABLE `user` ENABLE KEYS */;
UNLOCK TABLES;

--
-- Table structure for table `user_password`
--

DROP TABLE IF EXISTS `user_password`;
/*!40101 SET @saved_cs_client     = @@character_set_client */;
/*!50503 SET character_set_client = utf8mb4 */;
CREATE TABLE `user_password` (
  `id` int NOT NULL AUTO_INCREMENT,
  `password` varchar(255) NOT NULL,
  `created` datetime(6) NOT NULL DEFAULT CURRENT_TIMESTAMP(6),
  `userId` varchar(36) DEFAULT NULL,
  PRIMARY KEY (`id`),
  KEY `FK_3e755bee2cdcee50a9e742776d8` (`userId`),
  CONSTRAINT `FK_3e755bee2cdcee50a9e742776d8` FOREIGN KEY (`userId`) REFERENCES `user` (`id`)
) ENGINE=InnoDB DEFAULT CHARSET=utf8mb4 COLLATE=utf8mb4_0900_ai_ci;
/*!40101 SET character_set_client = @saved_cs_client */;

--
-- Dumping data for table `user_password`
--

LOCK TABLES `user_password` WRITE;
/*!40000 ALTER TABLE `user_password` DISABLE KEYS */;
/*!40000 ALTER TABLE `user_password` ENABLE KEYS */;
UNLOCK TABLES;

--
-- Table structure for table `user_role`
--

DROP TABLE IF EXISTS `user_role`;
/*!40101 SET @saved_cs_client     = @@character_set_client */;
/*!50503 SET character_set_client = utf8mb4 */;
CREATE TABLE `user_role` (
  `user_id` varchar(36) NOT NULL,
  `role_id` int NOT NULL,
  PRIMARY KEY (`user_id`,`role_id`),
  KEY `IDX_d0e5815877f7395a198a4cb0a4` (`user_id`),
  KEY `IDX_32a6fc2fcb019d8e3a8ace0f55` (`role_id`),
  CONSTRAINT `FK_32a6fc2fcb019d8e3a8ace0f55f` FOREIGN KEY (`role_id`) REFERENCES `role` (`id`) ON DELETE CASCADE ON UPDATE CASCADE,
  CONSTRAINT `FK_d0e5815877f7395a198a4cb0a46` FOREIGN KEY (`user_id`) REFERENCES `user` (`id`) ON DELETE CASCADE ON UPDATE CASCADE
) ENGINE=InnoDB DEFAULT CHARSET=utf8mb4 COLLATE=utf8mb4_0900_ai_ci;
/*!40101 SET character_set_client = @saved_cs_client */;

--
-- Dumping data for table `user_role`
--

LOCK TABLES `user_role` WRITE;
/*!40000 ALTER TABLE `user_role` DISABLE KEYS */;
INSERT INTO `user_role` VALUES ('291db0d7-5c00-4cc9-800d-9c3e8aff3236',1),('32488004-4fcc-4fc0-831f-997efdbea69e',1),('5ffec446-9099-4282-a55e-e0480596d8b5',1),('71551ef0-6de8-4e6d-b64e-3b0203ef4239',1),('be9c902a-90a1-40ed-890f-4fc0b79f793d',1),('f5861711-10ab-489b-9c71-da2407a1ce5b',1);
/*!40000 ALTER TABLE `user_role` ENABLE KEYS */;
UNLOCK TABLES;
/*!40103 SET TIME_ZONE=@OLD_TIME_ZONE */;

/*!40101 SET SQL_MODE=@OLD_SQL_MODE */;
/*!40014 SET FOREIGN_KEY_CHECKS=@OLD_FOREIGN_KEY_CHECKS */;
/*!40014 SET UNIQUE_CHECKS=@OLD_UNIQUE_CHECKS */;
/*!40101 SET CHARACTER_SET_CLIENT=@OLD_CHARACTER_SET_CLIENT */;
/*!40101 SET CHARACTER_SET_RESULTS=@OLD_CHARACTER_SET_RESULTS */;
/*!40101 SET COLLATION_CONNECTION=@OLD_COLLATION_CONNECTION */;
/*!40111 SET SQL_NOTES=@OLD_SQL_NOTES */;

-- Dump completed on 2023-03-15 18:12:20
